#
# There is insufficient memory for the Java Runtime Environment to continue.
# Native memory allocation (mmap) failed to map 350224384 bytes for G1 virtual space
# Possible reasons:
#   The system is out of physical RAM or swap space
#   The process is running with CompressedOops enabled, and the Java Heap may be blocking the growth of the native heap
# Possible solutions:
#   Reduce memory load on the system
#   Increase physical memory or swap space
#   Check if swap backing store is full
#   Decrease Java heap size (-Xmx/-Xms)
#   Decrease number of Java threads
#   Decrease Java thread stack sizes (-Xss)
#   Set larger code cache with -XX:ReservedCodeCacheSize=
#   JVM is running with Zero Based Compressed Oops mode in which the Java heap is
#     placed in the first 32GB address space. The Java Heap base address is the
#     maximum limit for the native heap growth. Please use -XX:HeapBaseMinAddress
#     to set the Java Heap base and to place the Java Heap above 32GB virtual address.
# This output file may be truncated or incomplete.
#
#  Out of Memory Error (os_windows.cpp:3548), pid=31432, tid=1168
#
# JRE version: Java(TM) SE Runtime Environment (17.0.12+8) (build 17.0.12+8-LTS-286)
# Java VM: Java HotSpot(TM) 64-Bit Server VM (17.0.12+8-LTS-286, mixed mode, sharing, tiered, compressed oops, compressed class ptrs, g1 gc, windows-amd64)
# No core dump will be written. Minidumps are not enabled by default on client versions of Windows
#

---------------  S U M M A R Y ------------

Command Line: -XX:MaxMetaspaceSize=1024m -XX:+HeapDumpOnOutOfMemoryError --add-opens=java.base/java.util=ALL-UNNAMED --add-opens=java.base/java.lang=ALL-UNNAMED --add-opens=java.base/java.lang.invoke=ALL-UNNAMED --add-opens=java.prefs/java.util.prefs=ALL-UNNAMED --add-exports=jdk.compiler/com.sun.tools.javac.api=ALL-UNNAMED --add-exports=jdk.compiler/com.sun.tools.javac.util=ALL-UNNAMED --add-opens=java.base/java.nio.charset=ALL-UNNAMED --add-opens=java.base/java.net=ALL-UNNAMED --add-opens=java.base/java.util.concurrent.atomic=ALL-UNNAMED -Xmx4096m -Dfile.encoding=UTF-8 -Duser.country=FR -Duser.language=fr -Duser.variant -javaagent:D:\logiciels\gradle\.gradle\wrapper\dists\gradle-8.10.2-all\7iv73wktx1xtkvlq19urqw1wm\gradle-8.10.2\lib\agents\gradle-instrumentation-agent-8.10.2.jar org.gradle.launcher.daemon.bootstrap.GradleDaemon 8.10.2

Host: Intel(R) Core(TM) i5-9300H CPU @ 2.40GHz, 8 cores, 15G,  Windows 11 , 64 bit Build 22621 (10.0.22621.5415)
Time: Tue Jan 27 21:07:12 2026 Afrique de l, 64 bit Build 22621 (10.0.22621.5415) elapsed time: 106.614388 seconds (0d 0h 1m 46s)

---------------  T H R E A D  ---------------

Current thread (0x000002677fa26ca0):  VMThread "VM Thread" [stack: 0x0000007cd6f00000,0x0000007cd7000000] [id=1168]

Stack: [0x0000007cd6f00000,0x0000007cd7000000]
Native frames: (J=compiled Java code, j=interpreted, Vv=VM code, C=native code)
V  [jvm.dll+0x67a04a]
V  [jvm.dll+0x7da4ed]
V  [jvm.dll+0x7dbe33]
V  [jvm.dll+0x7dc4a3]
V  [jvm.dll+0x24508f]
V  [jvm.dll+0x677089]
V  [jvm.dll+0x66bd32]
V  [jvm.dll+0x301fa6]
V  [jvm.dll+0x309546]
V  [jvm.dll+0x359d2e]
V  [jvm.dll+0x359f5f]
V  [jvm.dll+0x2d9078]
V  [jvm.dll+0x2d74ad]
V  [jvm.dll+0x2d6afc]
V  [jvm.dll+0x31a65b]
V  [jvm.dll+0x7e0d9b]
V  [jvm.dll+0x7e1ad4]
V  [jvm.dll+0x7e1fed]
V  [jvm.dll+0x7e23c4]
V  [jvm.dll+0x7e2490]
V  [jvm.dll+0x78abea]
V  [jvm.dll+0x678f35]
C  [ucrtbase.dll+0x29333]
C  [KERNEL32.DLL+0x1259d]
C  [ntdll.dll+0x5af78]

VM_Operation (0x0000007cdc3f7c90): G1CollectForAllocation, mode: safepoint, requested by thread 0x000002675b6be030


---------------  P R O C E S S  ---------------

Threads class SMR info:
_java_thread_list=0x0000026767a73610, length=154, elements={
0x000002677b3c9970, 0x000002677fa2b880, 0x000002677fa2c700, 0x000002677fa3f860,
0x000002677fa40420, 0x000002677fa42ef0, 0x000002677fa448c0, 0x000002677fa45660,
0x000002677fa468b0, 0x000002677fa4cf60, 0x000002677fa164d0, 0x000002671eac1960,
0x000002675919c690, 0x0000026758da3f80, 0x0000026758d51c90, 0x0000026759a6ed50,
0x0000026758c1da80, 0x000002675990dba0, 0x000002675990f4f0, 0x000002675990fa00,
0x000002675990c250, 0x000002675990ead0, 0x000002675990e5c0, 0x000002675990cc70,
0x000002675990efe0, 0x000002675990d180, 0x000002675990d690, 0x000002675990e0b0,
0x0000026759ebe670, 0x0000026759eb8130, 0x0000026759ebb8e0, 0x0000026759ebdc50,
0x0000026759ebd740, 0x0000026759eb8b50, 0x0000026759ebeb80, 0x0000026759ebc300,
0x0000026759ebaec0, 0x0000026759eb9f90, 0x0000026759eba4a0, 0x0000026759ebfab0,
0x0000026759eba9b0, 0x0000026759ebb3d0, 0x0000026759ebcd20, 0x0000026759eb9a80,
0x0000026759ebd230, 0x000002675b6d6a50, 0x000002675b6d32a0, 0x000002675b6d2880,
0x000002675b6d6f60, 0x000002675b6d4bf0, 0x000002675b6d7470, 0x000002675b6d1950,
0x000002675b6d7980, 0x000002675b6d2370, 0x000002675b6d83a0, 0x000002675b6d2d90,
0x000002675b6d6030, 0x000002675b6d37b0, 0x000002675b6d5100, 0x000002675b6d7e90,
0x000002675b6d41d0, 0x000002675b6d0f30, 0x000002675b6d6540, 0x000002675b6d88b0,
0x000002675b6d1440, 0x000002675b6d1e60, 0x000002675b6d5b20, 0x000002675990c760,
0x000002675b6b9950, 0x000002675b6c03a0, 0x000002675b6bc6e0, 0x000002675b6bd610,
0x000002675b6bf980, 0x000002675b6bdb20, 0x000002675b6bcbf0, 0x000002675b6be030,
0x000002675b6bef60, 0x000002675b6bf470, 0x000002675b6bd100, 0x000002675b6be540,
0x000002675b6bb7b0, 0x000002675b6b8f30, 0x000002675b6b9440, 0x000002675b6bbcc0,
0x000002675b6bc1d0, 0x000002675b6bea50, 0x000002675b6bfe90, 0x000002675b6c08b0,
0x000002675b6b9e60, 0x000002675b6ba370, 0x000002675b6ba880, 0x000002675b6bad90,
0x000002675b6bb2a0, 0x000002675a6c58e0, 0x000002675a6c49b0, 0x000002675a6c3a80,
0x000002675a6c6d20, 0x000002675a6c7c50, 0x000002675a6c8160, 0x000002675a6ca4d0,
0x000002675a6c3f90, 0x000002675a6c7740, 0x000002675a6c8670, 0x000002675a6c8b80,
0x000002675a6c44a0, 0x000002675a6c7230, 0x000002675a6c4ec0, 0x000002675a6c53d0,
0x000002675a6c9090, 0x000002675a6c95a0, 0x000002675a6c9ab0, 0x000002675a6c3060,
0x000002675a6c5df0, 0x000002675a6c9fc0, 0x000002675a6ca9e0, 0x000002675a6c3570,
0x000002675a6c6300, 0x000002675a6c6810, 0x000002675a0c1a90, 0x000002675a0c4820,
0x000002675a0c33e0, 0x000002675a0c70a0, 0x000002675a0c4d30, 0x000002675a0c5240,
0x000002675a0c38f0, 0x000002675a0c6b90, 0x000002675a0c4310, 0x000002675a0c75b0,
0x000002675a0c3e00, 0x000002675a0c7ac0, 0x000002675a0c6680, 0x000002675a0c1fa0,
0x000002675a0c5750, 0x000002675a0c7fd0, 0x000002675a0c1070, 0x000002675a0c89f0,
0x000002675a0c6170, 0x000002675a0c1580, 0x000002675a0c24b0, 0x000002675a0c29c0,
0x000002675d4ba4d0, 0x000002675d4b8160, 0x000002675d4b44a0, 0x000002675d4ba9e0,
0x00000267646b9fc0, 0x00000267646b49b0, 0x00000267646b6300, 0x00000267646b7c50,
0x00000267646ba9e0, 0x00000267646b6810, 0x00000267646b3570, 0x00000267646b44a0,
0x00000267646baef0, 0x000002675d4b53d0
}

Java Threads: ( => current thread )
  0x000002677b3c9970 JavaThread "main" [_thread_blocked, id=23880, stack(0x0000007cd6900000,0x0000007cd6a00000)]
  0x000002677fa2b880 JavaThread "Reference Handler" daemon [_thread_blocked, id=29652, stack(0x0000007cd7000000,0x0000007cd7100000)]
  0x000002677fa2c700 JavaThread "Finalizer" daemon [_thread_blocked, id=30412, stack(0x0000007cd7100000,0x0000007cd7200000)]
  0x000002677fa3f860 JavaThread "Signal Dispatcher" daemon [_thread_blocked, id=28184, stack(0x0000007cd7200000,0x0000007cd7300000)]
  0x000002677fa40420 JavaThread "Attach Listener" daemon [_thread_blocked, id=32368, stack(0x0000007cd7300000,0x0000007cd7400000)]
  0x000002677fa42ef0 JavaThread "Service Thread" daemon [_thread_blocked, id=30220, stack(0x0000007cd7400000,0x0000007cd7500000)]
  0x000002677fa448c0 JavaThread "Monitor Deflation Thread" daemon [_thread_blocked, id=4180, stack(0x0000007cd7500000,0x0000007cd7600000)]
  0x000002677fa45660 JavaThread "C2 CompilerThread0" daemon [_thread_blocked, id=10652, stack(0x0000007cd7600000,0x0000007cd7700000)]
  0x000002677fa468b0 JavaThread "C1 CompilerThread0" daemon [_thread_blocked, id=16856, stack(0x0000007cd7700000,0x0000007cd7800000)]
  0x000002677fa4cf60 JavaThread "Sweeper thread" daemon [_thread_blocked, id=17724, stack(0x0000007cd7800000,0x0000007cd7900000)]
  0x000002677fa164d0 JavaThread "Common-Cleaner" daemon [_thread_blocked, id=31972, stack(0x0000007cd7900000,0x0000007cd7a00000)]
  0x000002671eac1960 JavaThread "Notification Thread" daemon [_thread_blocked, id=31204, stack(0x0000007cd7a00000,0x0000007cd7b00000)]
  0x000002675919c690 JavaThread "Daemon health stats" [_thread_blocked, id=30152, stack(0x0000007cd8300000,0x0000007cd8400000)]
  0x0000026758da3f80 JavaThread "Incoming local TCP Connector on port 54455" [_thread_in_native, id=30448, stack(0x0000007cd8400000,0x0000007cd8500000)]
  0x0000026758d51c90 JavaThread "Daemon periodic checks" [_thread_blocked, id=31108, stack(0x0000007cd8500000,0x0000007cd8600000)]
  0x0000026759a6ed50 JavaThread "Daemon" [_thread_blocked, id=31228, stack(0x0000007cd8600000,0x0000007cd8700000)]
  0x0000026758c1da80 JavaThread "Handler for socket connection from /127.0.0.1:54455 to /127.0.0.1:54456" [_thread_in_native, id=5680, stack(0x0000007cd8700000,0x0000007cd8800000)]
  0x000002675990dba0 JavaThread "Cancel handler" [_thread_blocked, id=21708, stack(0x0000007cd8800000,0x0000007cd8900000)]
  0x000002675990f4f0 JavaThread "Daemon worker" [_thread_blocked, id=15812, stack(0x0000007cd8900000,0x0000007cd8a00000)]
  0x000002675990fa00 JavaThread "Asynchronous log dispatcher for DefaultDaemonConnection: socket connection from /127.0.0.1:54455 to /127.0.0.1:54456" [_thread_blocked, id=27440, stack(0x0000007cd8a00000,0x0000007cd8b00000)]
  0x000002675990c250 JavaThread "Stdin handler" [_thread_blocked, id=21360, stack(0x0000007cd8b00000,0x0000007cd8c00000)]
  0x000002675990ead0 JavaThread "Daemon client event forwarder" [_thread_blocked, id=16976, stack(0x0000007cd8c00000,0x0000007cd8d00000)]
  0x000002675990e5c0 JavaThread "Cache worker for journal cache (D:\logiciels\gradle\.gradle\caches\journal-1)" [_thread_blocked, id=30500, stack(0x0000007cd8d00000,0x0000007cd8e00000)]
  0x000002675990cc70 JavaThread "File lock request listener" [_thread_in_native, id=12536, stack(0x0000007cd8e00000,0x0000007cd8f00000)]
  0x000002675990efe0 JavaThread "Cache worker for file hash cache (D:\logiciels\gradle\.gradle\caches\8.10.2\fileHashes)" [_thread_blocked, id=7332, stack(0x0000007cd8f00000,0x0000007cd9000000)]
  0x000002675990d180 JavaThread "Cache worker for file hash cache (D:\Projet\parking_mobile\android\.gradle\8.10.2\fileHashes)" [_thread_blocked, id=28284, stack(0x0000007cd9000000,0x0000007cd9100000)]
  0x000002675990d690 JavaThread "Cache worker for Build Output Cleanup Cache (D:\Projet\parking_mobile\android\.gradle\buildOutputCleanup)" [_thread_blocked, id=9928, stack(0x0000007cd9100000,0x0000007cd9200000)]
  0x000002675990e0b0 JavaThread "File watcher server" daemon [_thread_blocked, id=29968, stack(0x0000007cd9300000,0x0000007cd9400000)]
  0x0000026759ebe670 JavaThread "File watcher consumer" daemon [_thread_blocked, id=25068, stack(0x0000007cd9400000,0x0000007cd9500000)]
  0x0000026759eb8130 JavaThread "Cache worker for checksums cache (D:\Projet\parking_mobile\android\.gradle\8.10.2\checksums)" [_thread_blocked, id=27924, stack(0x0000007cd9500000,0x0000007cd9600000)]
  0x0000026759ebb8e0 JavaThread "Cache worker for file content cache (D:\logiciels\gradle\.gradle\caches\8.10.2\fileContent)" [_thread_blocked, id=29364, stack(0x0000007cd9600000,0x0000007cd9700000)]
  0x0000026759ebdc50 JavaThread "Cache worker for cache directory md-rule (D:\logiciels\gradle\.gradle\caches\8.10.2\md-rule)" [_thread_blocked, id=11848, stack(0x0000007cd9700000,0x0000007cd9800000)]
  0x0000026759ebd740 JavaThread "Cache worker for cache directory md-supplier (D:\logiciels\gradle\.gradle\caches\8.10.2\md-supplier)" [_thread_blocked, id=13648, stack(0x0000007cd9800000,0x0000007cd9900000)]
  0x0000026759eb8b50 JavaThread "jar transforms" [_thread_blocked, id=8680, stack(0x0000007cd9900000,0x0000007cd9a00000)]
  0x0000026759ebeb80 JavaThread "Cache worker for Build Output Cleanup Cache (D:\Projet\parking_mobile\node_modules\@react-native\gradle-plugin\.gradle\buildOutputCleanup)" [_thread_blocked, id=29512, stack(0x0000007cd9a00000,0x0000007cd9b00000)]
  0x0000026759ebc300 JavaThread "Unconstrained build operations" [_thread_blocked, id=16748, stack(0x0000007cd9b00000,0x0000007cd9c00000)]
  0x0000026759ebaec0 JavaThread "Unconstrained build operations Thread 2" [_thread_blocked, id=12960, stack(0x0000007cd9c00000,0x0000007cd9d00000)]
  0x0000026759eb9f90 JavaThread "Unconstrained build operations Thread 3" [_thread_blocked, id=12904, stack(0x0000007cd9d00000,0x0000007cd9e00000)]
  0x0000026759eba4a0 JavaThread "Unconstrained build operations Thread 4" [_thread_blocked, id=21024, stack(0x0000007cd9e00000,0x0000007cd9f00000)]
  0x0000026759ebfab0 JavaThread "Unconstrained build operations Thread 5" [_thread_blocked, id=11268, stack(0x0000007cd9f00000,0x0000007cda000000)]
  0x0000026759eba9b0 JavaThread "Unconstrained build operations Thread 6" [_thread_blocked, id=8420, stack(0x0000007cda000000,0x0000007cda100000)]
  0x0000026759ebb3d0 JavaThread "Unconstrained build operations Thread 7" [_thread_blocked, id=32224, stack(0x0000007cda100000,0x0000007cda200000)]
  0x0000026759ebcd20 JavaThread "Unconstrained build operations Thread 8" [_thread_blocked, id=30556, stack(0x0000007cda200000,0x0000007cda300000)]
  0x0000026759eb9a80 JavaThread "Unconstrained build operations Thread 9" [_thread_blocked, id=25424, stack(0x0000007cda300000,0x0000007cda400000)]
  0x0000026759ebd230 JavaThread "Unconstrained build operations Thread 10" [_thread_blocked, id=24584, stack(0x0000007cda400000,0x0000007cda500000)]
  0x000002675b6d6a50 JavaThread "Unconstrained build operations Thread 11" [_thread_blocked, id=11408, stack(0x0000007cda500000,0x0000007cda600000)]
  0x000002675b6d32a0 JavaThread "Unconstrained build operations Thread 12" [_thread_blocked, id=25376, stack(0x0000007cda600000,0x0000007cda700000)]
  0x000002675b6d2880 JavaThread "Unconstrained build operations Thread 13" [_thread_blocked, id=25628, stack(0x0000007cda700000,0x0000007cda800000)]
  0x000002675b6d6f60 JavaThread "Unconstrained build operations Thread 14" [_thread_blocked, id=20108, stack(0x0000007cda800000,0x0000007cda900000)]
  0x000002675b6d4bf0 JavaThread "Unconstrained build operations Thread 15" [_thread_blocked, id=30392, stack(0x0000007cda900000,0x0000007cdaa00000)]
  0x000002675b6d7470 JavaThread "Unconstrained build operations Thread 16" [_thread_blocked, id=27968, stack(0x0000007cdaa00000,0x0000007cdab00000)]
  0x000002675b6d1950 JavaThread "Unconstrained build operations Thread 17" [_thread_blocked, id=5092, stack(0x0000007cdab00000,0x0000007cdac00000)]
  0x000002675b6d7980 JavaThread "Unconstrained build operations Thread 18" [_thread_blocked, id=31980, stack(0x0000007cdac00000,0x0000007cdad00000)]
  0x000002675b6d2370 JavaThread "Unconstrained build operations Thread 19" [_thread_blocked, id=30236, stack(0x0000007cdad00000,0x0000007cdae00000)]
  0x000002675b6d83a0 JavaThread "Unconstrained build operations Thread 20" [_thread_blocked, id=29456, stack(0x0000007cdae00000,0x0000007cdaf00000)]
  0x000002675b6d2d90 JavaThread "Unconstrained build operations Thread 21" [_thread_blocked, id=3332, stack(0x0000007cdaf00000,0x0000007cdb000000)]
  0x000002675b6d6030 JavaThread "Unconstrained build operations Thread 22" [_thread_blocked, id=27372, stack(0x0000007cdb000000,0x0000007cdb100000)]
  0x000002675b6d37b0 JavaThread "Unconstrained build operations Thread 23" [_thread_blocked, id=28608, stack(0x0000007cdb100000,0x0000007cdb200000)]
  0x000002675b6d5100 JavaThread "Unconstrained build operations Thread 24" [_thread_blocked, id=1280, stack(0x0000007cdb200000,0x0000007cdb300000)]
  0x000002675b6d7e90 JavaThread "Unconstrained build operations Thread 25" [_thread_blocked, id=31492, stack(0x0000007cdb300000,0x0000007cdb400000)]
  0x000002675b6d41d0 JavaThread "Unconstrained build operations Thread 26" [_thread_blocked, id=30844, stack(0x0000007cdb400000,0x0000007cdb500000)]
  0x000002675b6d0f30 JavaThread "Unconstrained build operations Thread 27" [_thread_blocked, id=32440, stack(0x0000007cdb500000,0x0000007cdb600000)]
  0x000002675b6d6540 JavaThread "build event listener" [_thread_blocked, id=18352, stack(0x0000007cdb600000,0x0000007cdb700000)]
  0x000002675b6d88b0 JavaThread "Memory manager" [_thread_blocked, id=22680, stack(0x0000007cdb700000,0x0000007cdb800000)]
  0x000002675b6d1440 JavaThread "ForkJoinPool.commonPool-worker-1" daemon [_thread_blocked, id=20300, stack(0x0000007cdb800000,0x0000007cdb900000)]
  0x000002675b6d1e60 JavaThread "ForkJoinPool.commonPool-worker-2" daemon [_thread_blocked, id=11448, stack(0x0000007cdb900000,0x0000007cdba00000)]
  0x000002675b6d5b20 JavaThread "ForkJoinPool.commonPool-worker-3" daemon [_thread_blocked, id=23904, stack(0x0000007cdba00000,0x0000007cdbb00000)]
  0x000002675990c760 JavaThread "ForkJoinPool.commonPool-worker-4" daemon [_thread_blocked, id=18700, stack(0x0000007cdbb00000,0x0000007cdbc00000)]
  0x000002675b6b9950 JavaThread "ForkJoinPool.commonPool-worker-5" daemon [_thread_blocked, id=30440, stack(0x0000007cdbc00000,0x0000007cdbd00000)]
  0x000002675b6c03a0 JavaThread "ForkJoinPool.commonPool-worker-6" daemon [_thread_blocked, id=25204, stack(0x0000007cdbd00000,0x0000007cdbe00000)]
  0x000002675b6bc6e0 JavaThread "ForkJoinPool.commonPool-worker-7" daemon [_thread_blocked, id=27660, stack(0x0000007cdbe00000,0x0000007cdbf00000)]
  0x000002675b6bd610 JavaThread "Exec process" [_thread_in_native, id=29240, stack(0x0000007cdbf00000,0x0000007cdc000000)]
  0x000002675b6bf980 JavaThread "Exec process Thread 2" [_thread_in_native, id=14860, stack(0x0000007cdc000000,0x0000007cdc100000)]
  0x000002675b6bdb20 JavaThread "Exec process Thread 3" [_thread_in_native, id=784, stack(0x0000007cdc100000,0x0000007cdc200000)]
  0x000002675b6bcbf0 JavaThread "included builds" [_thread_blocked, id=22924, stack(0x0000007cdc200000,0x0000007cdc300000)]
  0x000002675b6be030 JavaThread "Execution worker" [_thread_blocked, id=11184, stack(0x0000007cdc300000,0x0000007cdc400000)]
  0x000002675b6bef60 JavaThread "Execution worker Thread 2" [_thread_blocked, id=4956, stack(0x0000007cdc400000,0x0000007cdc500000)]
  0x000002675b6bf470 JavaThread "Execution worker Thread 3" [_thread_blocked, id=11920, stack(0x0000007cdc500000,0x0000007cdc600000)]
  0x000002675b6bd100 JavaThread "Execution worker Thread 4" [_thread_blocked, id=29556, stack(0x0000007cdc600000,0x0000007cdc700000)]
  0x000002675b6be540 JavaThread "Execution worker Thread 5" [_thread_blocked, id=2680, stack(0x0000007cdc700000,0x0000007cdc800000)]
  0x000002675b6bb7b0 JavaThread "Execution worker Thread 6" [_thread_blocked, id=10764, stack(0x0000007cdc800000,0x0000007cdc900000)]
  0x000002675b6b8f30 JavaThread "Execution worker Thread 7" [_thread_blocked, id=31484, stack(0x0000007cdc900000,0x0000007cdca00000)]
  0x000002675b6b9440 JavaThread "Cache worker for execution history cache (D:\Projet\parking_mobile\node_modules\@react-native\gradle-plugin\.gradle\8.10.2\executionHistory)" [_thread_blocked, id=23008, stack(0x0000007cdca00000,0x0000007cdcb00000)]
  0x000002675b6bbcc0 JavaThread "Unconstrained build operations Thread 28" [_thread_blocked, id=23208, stack(0x0000007cd6600000,0x0000007cd6700000)]
  0x000002675b6bc1d0 JavaThread "Unconstrained build operations Thread 29" [_thread_blocked, id=30768, stack(0x0000007cdcb00000,0x0000007cdcc00000)]
  0x000002675b6bea50 JavaThread "Unconstrained build operations Thread 30" [_thread_blocked, id=30544, stack(0x0000007cdcc00000,0x0000007cdcd00000)]
  0x000002675b6bfe90 JavaThread "Unconstrained build operations Thread 31" [_thread_blocked, id=11624, stack(0x0000007cdcd00000,0x0000007cdce00000)]
  0x000002675b6c08b0 JavaThread "Unconstrained build operations Thread 32" [_thread_blocked, id=23828, stack(0x0000007cdce00000,0x0000007cdcf00000)]
  0x000002675b6b9e60 JavaThread "Unconstrained build operations Thread 33" [_thread_blocked, id=31180, stack(0x0000007cdcf00000,0x0000007cdd000000)]
  0x000002675b6ba370 JavaThread "Unconstrained build operations Thread 34" [_thread_blocked, id=27852, stack(0x0000007cdd000000,0x0000007cdd100000)]
  0x000002675b6ba880 JavaThread "Unconstrained build operations Thread 35" [_thread_blocked, id=8436, stack(0x0000007cdd100000,0x0000007cdd200000)]
  0x000002675b6bad90 JavaThread "Unconstrained build operations Thread 36" [_thread_blocked, id=31296, stack(0x0000007cdd200000,0x0000007cdd300000)]
  0x000002675b6bb2a0 JavaThread "Unconstrained build operations Thread 37" [_thread_blocked, id=30552, stack(0x0000007cdd300000,0x0000007cdd400000)]
  0x000002675a6c58e0 JavaThread "Unconstrained build operations Thread 38" [_thread_blocked, id=29048, stack(0x0000007cdd400000,0x0000007cdd500000)]
  0x000002675a6c49b0 JavaThread "Unconstrained build operations Thread 39" [_thread_blocked, id=30020, stack(0x0000007cdd500000,0x0000007cdd600000)]
  0x000002675a6c3a80 JavaThread "Unconstrained build operations Thread 40" [_thread_blocked, id=24120, stack(0x0000007cdd600000,0x0000007cdd700000)]
  0x000002675a6c6d20 JavaThread "Unconstrained build operations Thread 41" [_thread_blocked, id=23956, stack(0x0000007cdd700000,0x0000007cdd800000)]
  0x000002675a6c7c50 JavaThread "Unconstrained build operations Thread 42" [_thread_blocked, id=31344, stack(0x0000007cdd800000,0x0000007cdd900000)]
  0x000002675a6c8160 JavaThread "Unconstrained build operations Thread 43" [_thread_blocked, id=27688, stack(0x0000007cdd900000,0x0000007cdda00000)]
  0x000002675a6ca4d0 JavaThread "Unconstrained build operations Thread 44" [_thread_blocked, id=22460, stack(0x0000007cdda00000,0x0000007cddb00000)]
  0x000002675a6c3f90 JavaThread "Unconstrained build operations Thread 45" [_thread_blocked, id=17164, stack(0x0000007cddb00000,0x0000007cddc00000)]
  0x000002675a6c7740 JavaThread "Unconstrained build operations Thread 46" [_thread_blocked, id=18144, stack(0x0000007cddc00000,0x0000007cddd00000)]
  0x000002675a6c8670 JavaThread "Unconstrained build operations Thread 47" [_thread_blocked, id=11960, stack(0x0000007cddd00000,0x0000007cdde00000)]
  0x000002675a6c8b80 JavaThread "Unconstrained build operations Thread 48" [_thread_blocked, id=24472, stack(0x0000007cdde00000,0x0000007cddf00000)]
  0x000002675a6c44a0 JavaThread "Unconstrained build operations Thread 49" [_thread_blocked, id=27516, stack(0x0000007cddf00000,0x0000007cde000000)]
  0x000002675a6c7230 JavaThread "Unconstrained build operations Thread 50" [_thread_blocked, id=29780, stack(0x0000007cde000000,0x0000007cde100000)]
  0x000002675a6c4ec0 JavaThread "Unconstrained build operations Thread 51" [_thread_blocked, id=32740, stack(0x0000007cde100000,0x0000007cde200000)]
  0x000002675a6c53d0 JavaThread "Unconstrained build operations Thread 52" [_thread_blocked, id=31016, stack(0x0000007cde200000,0x0000007cde300000)]
  0x000002675a6c9090 JavaThread "Unconstrained build operations Thread 53" [_thread_blocked, id=15084, stack(0x0000007cde300000,0x0000007cde400000)]
  0x000002675a6c95a0 JavaThread "Unconstrained build operations Thread 54" [_thread_blocked, id=31032, stack(0x0000007cde400000,0x0000007cde500000)]
  0x000002675a6c9ab0 JavaThread "Unconstrained build operations Thread 55" [_thread_blocked, id=12420, stack(0x0000007cde500000,0x0000007cde600000)]
  0x000002675a6c3060 JavaThread "Unconstrained build operations Thread 56" [_thread_blocked, id=26852, stack(0x0000007cde600000,0x0000007cde700000)]
  0x000002675a6c5df0 JavaThread "Unconstrained build operations Thread 57" [_thread_blocked, id=30504, stack(0x0000007cde700000,0x0000007cde800000)]
  0x000002675a6c9fc0 JavaThread "Unconstrained build operations Thread 58" [_thread_blocked, id=9004, stack(0x0000007cde800000,0x0000007cde900000)]
  0x000002675a6ca9e0 JavaThread "Unconstrained build operations Thread 59" [_thread_blocked, id=30088, stack(0x0000007cde900000,0x0000007cdea00000)]
  0x000002675a6c3570 JavaThread "Unconstrained build operations Thread 60" [_thread_blocked, id=12016, stack(0x0000007cdea00000,0x0000007cdeb00000)]
  0x000002675a6c6300 JavaThread "Unconstrained build operations Thread 61" [_thread_blocked, id=29936, stack(0x0000007cdeb00000,0x0000007cdec00000)]
  0x000002675a6c6810 JavaThread "Unconstrained build operations Thread 62" [_thread_blocked, id=24888, stack(0x0000007cdec00000,0x0000007cded00000)]
  0x000002675a0c1a90 JavaThread "Unconstrained build operations Thread 63" [_thread_blocked, id=32600, stack(0x0000007cded00000,0x0000007cdee00000)]
  0x000002675a0c4820 JavaThread "Unconstrained build operations Thread 64" [_thread_blocked, id=22380, stack(0x0000007cdee00000,0x0000007cdef00000)]
  0x000002675a0c33e0 JavaThread "Unconstrained build operations Thread 65" [_thread_blocked, id=6424, stack(0x0000007cdef00000,0x0000007cdf000000)]
  0x000002675a0c70a0 JavaThread "Unconstrained build operations Thread 66" [_thread_blocked, id=11640, stack(0x0000007cdf000000,0x0000007cdf100000)]
  0x000002675a0c4d30 JavaThread "Unconstrained build operations Thread 67" [_thread_blocked, id=18360, stack(0x0000007cdf100000,0x0000007cdf200000)]
  0x000002675a0c5240 JavaThread "Unconstrained build operations Thread 68" [_thread_blocked, id=28296, stack(0x0000007cdf200000,0x0000007cdf300000)]
  0x000002675a0c38f0 JavaThread "Unconstrained build operations Thread 69" [_thread_blocked, id=30684, stack(0x0000007cdf300000,0x0000007cdf400000)]
  0x000002675a0c6b90 JavaThread "Unconstrained build operations Thread 70" [_thread_blocked, id=14408, stack(0x0000007cdf400000,0x0000007cdf500000)]
  0x000002675a0c4310 JavaThread "Unconstrained build operations Thread 71" [_thread_blocked, id=30028, stack(0x0000007cdf500000,0x0000007cdf600000)]
  0x000002675a0c75b0 JavaThread "Unconstrained build operations Thread 72" [_thread_blocked, id=32300, stack(0x0000007cdf600000,0x0000007cdf700000)]
  0x000002675a0c3e00 JavaThread "Unconstrained build operations Thread 73" [_thread_blocked, id=20404, stack(0x0000007cdf700000,0x0000007cdf800000)]
  0x000002675a0c7ac0 JavaThread "Unconstrained build operations Thread 74" [_thread_blocked, id=30472, stack(0x0000007cdf800000,0x0000007cdf900000)]
  0x000002675a0c6680 JavaThread "Unconstrained build operations Thread 75" [_thread_blocked, id=26096, stack(0x0000007cdf900000,0x0000007cdfa00000)]
  0x000002675a0c1fa0 JavaThread "Unconstrained build operations Thread 76" [_thread_blocked, id=16364, stack(0x0000007cdfa00000,0x0000007cdfb00000)]
  0x000002675a0c5750 JavaThread "Unconstrained build operations Thread 77" [_thread_blocked, id=23036, stack(0x0000007cdfb00000,0x0000007cdfc00000)]
  0x000002675a0c7fd0 JavaThread "jar transforms Thread 2" [_thread_blocked, id=30400, stack(0x0000007cdfc00000,0x0000007cdfd00000)]
  0x000002675a0c1070 JavaThread "jar transforms Thread 3" [_thread_blocked, id=24036, stack(0x0000007cdfd00000,0x0000007cdfe00000)]
  0x000002675a0c89f0 JavaThread "Unconstrained build operations Thread 78" [_thread_blocked, id=11428, stack(0x0000007ce0000000,0x0000007ce0100000)]
  0x000002675a0c6170 JavaThread "Unconstrained build operations Thread 79" [_thread_blocked, id=26856, stack(0x0000007ce0100000,0x0000007ce0200000)]
  0x000002675a0c1580 JavaThread "Unconstrained build operations Thread 80" [_thread_blocked, id=29828, stack(0x0000007ce0200000,0x0000007ce0300000)]
  0x000002675a0c24b0 JavaThread "jar transforms Thread 4" [_thread_blocked, id=27608, stack(0x0000007ce0300000,0x0000007ce0400000)]
  0x000002675a0c29c0 JavaThread "jar transforms Thread 5" [_thread_blocked, id=32256, stack(0x0000007ce0400000,0x0000007ce0500000)]
  0x000002675d4ba4d0 JavaThread "build event listener" [_thread_blocked, id=8468, stack(0x0000007ce0500000,0x0000007ce0600000)]
  0x000002675d4b8160 JavaThread "jar transforms Thread 6" [_thread_blocked, id=19064, stack(0x0000007ce0600000,0x0000007ce0700000)]
  0x000002675d4b44a0 JavaThread "jar transforms Thread 7" [_thread_blocked, id=13240, stack(0x0000007ce0700000,0x0000007ce0800000)]
  0x000002675d4ba9e0 JavaThread "jar transforms Thread 8" [_thread_blocked, id=23788, stack(0x0000007ce0900000,0x0000007ce0a00000)]
  0x00000267646b9fc0 JavaThread "Cache worker for execution history cache (D:\Projet\parking_mobile\android\.gradle\8.10.2\executionHistory)" [_thread_blocked, id=32152, stack(0x0000007ce0a00000,0x0000007ce0b00000)]
  0x00000267646b49b0 JavaThread "WorkerExecutor Queue" [_thread_blocked, id=31828, stack(0x0000007ce0b00000,0x0000007ce0c00000)]
  0x00000267646b6300 JavaThread "WorkerExecutor Queue Thread 2" [_thread_blocked, id=13104, stack(0x0000007ce0c00000,0x0000007ce0d00000)]
  0x00000267646b7c50 JavaThread "WorkerExecutor Queue Thread 3" [_thread_blocked, id=17788, stack(0x0000007ce0d00000,0x0000007ce0e00000)]
  0x00000267646ba9e0 JavaThread "WorkerExecutor Queue Thread 4" [_thread_blocked, id=30792, stack(0x0000007ce0e00000,0x0000007ce0f00000)]
  0x00000267646b6810 JavaThread "WorkerExecutor Queue Thread 5" [_thread_blocked, id=11228, stack(0x0000007ce0f00000,0x0000007ce1000000)]
  0x00000267646b3570 JavaThread "WorkerExecutor Queue Thread 6" [_thread_blocked, id=5572, stack(0x0000007ce1000000,0x0000007ce1100000)]
  0x00000267646b44a0 JavaThread "WorkerExecutor Queue Thread 7" [_thread_blocked, id=30676, stack(0x0000007ce1100000,0x0000007ce1200000)]
  0x00000267646baef0 JavaThread "WorkerExecutor Queue Thread 8" [_thread_blocked, id=29964, stack(0x0000007ce1200000,0x0000007ce1300000)]
  0x000002675d4b53d0 JavaThread "Cache worker for Java compile cache (D:\logiciels\gradle\.gradle\caches\8.10.2\javaCompile)" [_thread_blocked, id=17392, stack(0x0000007ce1400000,0x0000007ce1500000)]

Other Threads:
=>0x000002677fa26ca0 VMThread "VM Thread" [stack: 0x0000007cd6f00000,0x0000007cd7000000] [id=1168]
  0x000002671eb0f080 WatcherThread [stack: 0x0000007cd7b00000,0x0000007cd7c00000] [id=30280]
  0x000002677b4367a0 GCTaskThread "GC Thread#0" [stack: 0x0000007cd6a00000,0x0000007cd6b00000] [id=28880]
  0x000002675832f020 GCTaskThread "GC Thread#1" [stack: 0x0000007cd7d00000,0x0000007cd7e00000] [id=26520]
  0x000002675832f2e0 GCTaskThread "GC Thread#2" [stack: 0x0000007cd7e00000,0x0000007cd7f00000] [id=25764]
  0x000002675832f5a0 GCTaskThread "GC Thread#3" [stack: 0x0000007cd7f00000,0x0000007cd8000000] [id=30036]
  0x000002675832f860 GCTaskThread "GC Thread#4" [stack: 0x0000007cd8000000,0x0000007cd8100000] [id=3360]
  0x00000267583d1c10 GCTaskThread "GC Thread#5" [stack: 0x0000007cd8100000,0x0000007cd8200000] [id=20532]
  0x000002675988c0f0 GCTaskThread "GC Thread#6" [stack: 0x0000007cd7c00000,0x0000007cd7d00000] [id=23184]
  0x0000026759070500 GCTaskThread "GC Thread#7" [stack: 0x0000007cd8200000,0x0000007cd8300000] [id=30800]
  0x000002677b4476f0 ConcurrentGCThread "G1 Main Marker" [stack: 0x0000007cd6b00000,0x0000007cd6c00000] [id=10328]
  0x000002677b448100 ConcurrentGCThread "G1 Conc#0" [stack: 0x0000007cd6c00000,0x0000007cd6d00000] [id=26620]
  0x0000026759ee30c0 ConcurrentGCThread "G1 Conc#1" [stack: 0x0000007cd9200000,0x0000007cd9300000] [id=29744]
  0x000002677b48e4a0 ConcurrentGCThread "G1 Refine#0" [stack: 0x0000007cd6d00000,0x0000007cd6e00000] [id=24696]
  0x000002675bd06750 ConcurrentGCThread "G1 Refine#1" [stack: 0x0000007cd6700000,0x0000007cd6800000] [id=32524]
  0x000002675bd06460 ConcurrentGCThread "G1 Refine#2" [stack: 0x0000007cd6800000,0x0000007cd6900000] [id=26448]
  0x000002677f8e0150 ConcurrentGCThread "G1 Service" [stack: 0x0000007cd6e00000,0x0000007cd6f00000] [id=30984]

Threads with active compile tasks:
C2 CompilerThread0   106729 23185   !   4       com.sun.tools.javac.jvm.ClassReader::classSigToType (497 bytes)
C1 CompilerThread0   106729 23680       2       com.sun.tools.javac.jvm.ClassReader::readClass (670 bytes)

VM state: at safepoint (normal execution)

VM Mutex/Monitor currently owned by a thread:  ([mutex/lock_event])
[0x000002677b3c4c40] Threads_lock - owner thread: 0x000002677fa26ca0
[0x000002677b3c3e30] Heap_lock - owner thread: 0x000002675b6be030

Heap address: 0x0000000700000000, size: 4096 MB, Compressed Oops mode: Zero based, Oop shift amount: 3

CDS archive(s) mapped at: [0x000002671f000000-0x000002671fbd0000-0x000002671fbd0000), size 12386304, SharedBaseAddress: 0x000002671f000000, ArchiveRelocationMode: 1.
Compressed class space mapped at: 0x0000026720000000-0x0000026754000000, reserved size: 872415232
Narrow klass base: 0x000002671f000000, Narrow klass shift: 0, Narrow klass range: 0x100000000

GC Precious Log:
 CPUs: 8 total, 8 available
 Memory: 16255M
 Large Page Support: Disabled
 NUMA Support: Disabled
 Compressed Oops: Enabled (Zero based)
 Heap Region Size: 2M
 Heap Min Capacity: 8M
 Heap Initial Capacity: 254M
 Heap Max Capacity: 4G
 Pre-touch: Disabled
 Parallel Workers: 8
 Concurrent Workers: 2
 Concurrent Refinement Workers: 8
 Periodic GC: Disabled

Heap:
 garbage-first heap   total 520192K, used 441475K [0x0000000700000000, 0x0000000800000000)
  region size 2048K, 2 young (4096K), 2 survivors (4096K)
 Metaspace       used 138784K, committed 141376K, reserved 983040K
  class space    used 19277K, committed 20480K, reserved 851968K

Heap Regions: E=young(eden), S=young(survivor), O=old, HS=humongous(starts), HC=humongous(continues), CS=collection set, F=free, OA=open archive, CA=closed archive, TAMS=top-at-mark-start (previous, next)
|   0|0x0000000700000000, 0x0000000700200000, 0x0000000700200000|100%|HS|  |TAMS 0x0000000700200000, 0x0000000700000000| Complete 
|   1|0x0000000700200000, 0x0000000700400000, 0x0000000700400000|100%|HC|  |TAMS 0x0000000700400000, 0x0000000700200000| Complete 
|   2|0x0000000700400000, 0x0000000700600000, 0x0000000700600000|100%| O|  |TAMS 0x0000000700600000, 0x0000000700400000| Untracked 
|   3|0x0000000700600000, 0x0000000700800000, 0x0000000700800000|100%| O|  |TAMS 0x0000000700800000, 0x0000000700600000| Untracked 
|   4|0x0000000700800000, 0x0000000700a00000, 0x0000000700a00000|100%| O|  |TAMS 0x0000000700a00000, 0x0000000700800000| Untracked 
|   5|0x0000000700a00000, 0x0000000700c00000, 0x0000000700c00000|100%| O|  |TAMS 0x0000000700c00000, 0x0000000700a00000| Untracked 
|   6|0x0000000700c00000, 0x0000000700e00000, 0x0000000700e00000|100%| O|  |TAMS 0x0000000700e00000, 0x0000000700c00000| Untracked 
|   7|0x0000000700e00000, 0x0000000701000000, 0x0000000701000000|100%| O|  |TAMS 0x0000000701000000, 0x0000000700e00000| Untracked 
|   8|0x0000000701000000, 0x0000000701200000, 0x0000000701200000|100%| O|  |TAMS 0x0000000701200000, 0x0000000701000000| Untracked 
|   9|0x0000000701200000, 0x0000000701400000, 0x0000000701400000|100%| O|  |TAMS 0x0000000701400000, 0x0000000701200000| Untracked 
|  10|0x0000000701400000, 0x0000000701600000, 0x0000000701600000|100%| O|  |TAMS 0x0000000701600000, 0x0000000701400000| Untracked 
|  11|0x0000000701600000, 0x0000000701800000, 0x0000000701800000|100%| O|  |TAMS 0x0000000701800000, 0x0000000701600000| Untracked 
|  12|0x0000000701800000, 0x0000000701a00000, 0x0000000701a00000|100%| O|  |TAMS 0x0000000701a00000, 0x0000000701800000| Untracked 
|  13|0x0000000701a00000, 0x0000000701c00000, 0x0000000701c00000|100%| O|  |TAMS 0x0000000701c00000, 0x0000000701a00000| Untracked 
|  14|0x0000000701c00000, 0x0000000701e00000, 0x0000000701e00000|100%| O|  |TAMS 0x0000000701e00000, 0x0000000701c00000| Untracked 
|  15|0x0000000701e00000, 0x0000000702000000, 0x0000000702000000|100%| O|  |TAMS 0x0000000702000000, 0x0000000701e00000| Untracked 
|  16|0x0000000702000000, 0x0000000702200000, 0x0000000702200000|100%| O|  |TAMS 0x0000000702200000, 0x0000000702000000| Untracked 
|  17|0x0000000702200000, 0x0000000702400000, 0x0000000702400000|100%| O|  |TAMS 0x0000000702400000, 0x0000000702200000| Untracked 
|  18|0x0000000702400000, 0x0000000702600000, 0x0000000702600000|100%| O|  |TAMS 0x0000000702600000, 0x0000000702400000| Untracked 
|  19|0x0000000702600000, 0x0000000702800000, 0x0000000702800000|100%| O|  |TAMS 0x0000000702800000, 0x0000000702600000| Untracked 
|  20|0x0000000702800000, 0x0000000702a00000, 0x0000000702a00000|100%| O|  |TAMS 0x0000000702a00000, 0x0000000702800000| Untracked 
|  21|0x0000000702a00000, 0x0000000702c00000, 0x0000000702c00000|100%| O|  |TAMS 0x0000000702c00000, 0x0000000702a00000| Untracked 
|  22|0x0000000702c00000, 0x0000000702e00000, 0x0000000702e00000|100%| O|  |TAMS 0x0000000702e00000, 0x0000000702c00000| Untracked 
|  23|0x0000000702e00000, 0x0000000703000000, 0x0000000703000000|100%|HS|  |TAMS 0x0000000703000000, 0x0000000702e00000| Complete 
|  24|0x0000000703000000, 0x0000000703200000, 0x0000000703200000|100%|HS|  |TAMS 0x0000000703200000, 0x0000000703000000| Complete 
|  25|0x0000000703200000, 0x0000000703400000, 0x0000000703400000|100%|HC|  |TAMS 0x0000000703400000, 0x0000000703200000| Complete 
|  26|0x0000000703400000, 0x0000000703600000, 0x0000000703600000|100%|HS|  |TAMS 0x0000000703600000, 0x0000000703400000| Complete 
|  27|0x0000000703600000, 0x0000000703800000, 0x0000000703800000|100%| O|  |TAMS 0x0000000703600000, 0x0000000703600000| Untracked 
|  28|0x0000000703800000, 0x0000000703a00000, 0x0000000703a00000|100%| O|  |TAMS 0x0000000703a00000, 0x0000000703800000| Untracked 
|  29|0x0000000703a00000, 0x0000000703c00000, 0x0000000703c00000|100%| O|  |TAMS 0x0000000703c00000, 0x0000000703a00000| Untracked 
|  30|0x0000000703c00000, 0x0000000703e00000, 0x0000000703e00000|100%| O|  |TAMS 0x0000000703e00000, 0x0000000703c00000| Untracked 
|  31|0x0000000703e00000, 0x0000000704000000, 0x0000000704000000|100%|HS|  |TAMS 0x0000000704000000, 0x0000000703e00000| Complete 
|  32|0x0000000704000000, 0x0000000704200000, 0x0000000704200000|100%|HC|  |TAMS 0x0000000704200000, 0x0000000704000000| Complete 
|  33|0x0000000704200000, 0x0000000704400000, 0x0000000704400000|100%| O|  |TAMS 0x0000000704400000, 0x0000000704200000| Untracked 
|  34|0x0000000704400000, 0x0000000704600000, 0x0000000704600000|100%| O|  |TAMS 0x0000000704600000, 0x0000000704400000| Untracked 
|  35|0x0000000704600000, 0x0000000704800000, 0x0000000704800000|100%| O|  |TAMS 0x0000000704800000, 0x0000000704600000| Untracked 
|  36|0x0000000704800000, 0x0000000704a00000, 0x0000000704a00000|100%| O|  |TAMS 0x0000000704a00000, 0x0000000704800000| Untracked 
|  37|0x0000000704a00000, 0x0000000704c00000, 0x0000000704c00000|100%| O|  |TAMS 0x0000000704c00000, 0x0000000704a00000| Untracked 
|  38|0x0000000704c00000, 0x0000000704e00000, 0x0000000704e00000|100%| O|  |TAMS 0x0000000704e00000, 0x0000000704c00000| Untracked 
|  39|0x0000000704e00000, 0x0000000705000000, 0x0000000705000000|100%| O|  |TAMS 0x0000000705000000, 0x0000000704e00000| Untracked 
|  40|0x0000000705000000, 0x0000000705200000, 0x0000000705200000|100%| O|  |TAMS 0x0000000705200000, 0x0000000705000000| Untracked 
|  41|0x0000000705200000, 0x0000000705400000, 0x0000000705400000|100%| O|  |TAMS 0x0000000705200000, 0x0000000705200000| Untracked 
|  42|0x0000000705400000, 0x0000000705600000, 0x0000000705600000|100%| O|  |TAMS 0x0000000705400000, 0x0000000705400000| Untracked 
|  43|0x0000000705600000, 0x0000000705800000, 0x0000000705800000|100%| O|  |TAMS 0x0000000705800000, 0x0000000705600000| Untracked 
|  44|0x0000000705800000, 0x0000000705a00000, 0x0000000705a00000|100%| O|  |TAMS 0x0000000705a00000, 0x0000000705800000| Untracked 
|  45|0x0000000705a00000, 0x0000000705c00000, 0x0000000705c00000|100%| O|  |TAMS 0x0000000705c00000, 0x0000000705a00000| Untracked 
|  46|0x0000000705c00000, 0x0000000705e00000, 0x0000000705e00000|100%| O|  |TAMS 0x0000000705e00000, 0x0000000705c00000| Untracked 
|  47|0x0000000705e00000, 0x0000000706000000, 0x0000000706000000|100%| O|  |TAMS 0x0000000706000000, 0x0000000705e00000| Untracked 
|  48|0x0000000706000000, 0x0000000706200000, 0x0000000706200000|100%| O|  |TAMS 0x0000000706200000, 0x0000000706000000| Untracked 
|  49|0x0000000706200000, 0x0000000706400000, 0x0000000706400000|100%| O|  |TAMS 0x0000000706400000, 0x0000000706200000| Untracked 
|  50|0x0000000706400000, 0x0000000706600000, 0x0000000706600000|100%| O|  |TAMS 0x0000000706600000, 0x0000000706400000| Untracked 
|  51|0x0000000706600000, 0x0000000706800000, 0x0000000706800000|100%| O|  |TAMS 0x0000000706800000, 0x0000000706600000| Untracked 
|  52|0x0000000706800000, 0x0000000706a00000, 0x0000000706a00000|100%| O|  |TAMS 0x0000000706a00000, 0x0000000706800000| Untracked 
|  53|0x0000000706a00000, 0x0000000706c00000, 0x0000000706c00000|100%|HS|  |TAMS 0x0000000706c00000, 0x0000000706a00000| Complete 
|  54|0x0000000706c00000, 0x0000000706e00000, 0x0000000706e00000|100%| O|  |TAMS 0x0000000706e00000, 0x0000000706c00000| Untracked 
|  55|0x0000000706e00000, 0x0000000707000000, 0x0000000707000000|100%| O|  |TAMS 0x0000000707000000, 0x0000000706e00000| Untracked 
|  56|0x0000000707000000, 0x0000000707200000, 0x0000000707200000|100%| O|  |TAMS 0x0000000707200000, 0x0000000707000000| Untracked 
|  57|0x0000000707200000, 0x0000000707400000, 0x0000000707400000|100%| O|  |TAMS 0x0000000707400000, 0x0000000707200000| Untracked 
|  58|0x0000000707400000, 0x0000000707600000, 0x0000000707600000|100%| O|  |TAMS 0x0000000707600000, 0x0000000707400000| Untracked 
|  59|0x0000000707600000, 0x0000000707800000, 0x0000000707800000|100%| O|  |TAMS 0x0000000707800000, 0x0000000707600000| Untracked 
|  60|0x0000000707800000, 0x0000000707a00000, 0x0000000707a00000|100%| O|  |TAMS 0x0000000707a00000, 0x0000000707800000| Untracked 
|  61|0x0000000707a00000, 0x0000000707c00000, 0x0000000707c00000|100%| O|  |TAMS 0x0000000707c00000, 0x0000000707a00000| Untracked 
|  62|0x0000000707c00000, 0x0000000707e00000, 0x0000000707e00000|100%| O|  |TAMS 0x0000000707e00000, 0x0000000707c00000| Untracked 
|  63|0x0000000707e00000, 0x0000000708000000, 0x0000000708000000|100%| O|  |TAMS 0x0000000708000000, 0x0000000707e00000| Untracked 
|  64|0x0000000708000000, 0x0000000708200000, 0x0000000708200000|100%|HS|  |TAMS 0x0000000708200000, 0x0000000708000000| Complete 
|  65|0x0000000708200000, 0x0000000708400000, 0x0000000708400000|100%|HS|  |TAMS 0x0000000708400000, 0x0000000708200000| Complete 
|  66|0x0000000708400000, 0x0000000708600000, 0x0000000708600000|100%|HC|  |TAMS 0x0000000708600000, 0x0000000708400000| Complete 
|  67|0x0000000708600000, 0x0000000708800000, 0x0000000708800000|100%| O|  |TAMS 0x0000000708800000, 0x0000000708600000| Untracked 
|  68|0x0000000708800000, 0x0000000708a00000, 0x0000000708a00000|100%| O|  |TAMS 0x0000000708800000, 0x0000000708800000| Untracked 
|  69|0x0000000708a00000, 0x0000000708c00000, 0x0000000708c00000|100%| O|  |TAMS 0x0000000708c00000, 0x0000000708a00000| Untracked 
|  70|0x0000000708c00000, 0x0000000708e00000, 0x0000000708e00000|100%| O|  |TAMS 0x0000000708e00000, 0x0000000708c00000| Untracked 
|  71|0x0000000708e00000, 0x0000000709000000, 0x0000000709000000|100%| O|  |TAMS 0x0000000709000000, 0x0000000708e00000| Untracked 
|  72|0x0000000709000000, 0x0000000709200000, 0x0000000709200000|100%| O|  |TAMS 0x0000000709000000, 0x0000000709000000| Untracked 
|  73|0x0000000709200000, 0x0000000709400000, 0x0000000709400000|100%|HS|  |TAMS 0x0000000709400000, 0x0000000709200000| Complete 
|  74|0x0000000709400000, 0x0000000709600000, 0x0000000709600000|100%| O|  |TAMS 0x0000000709400000, 0x0000000709400000| Untracked 
|  75|0x0000000709600000, 0x0000000709800000, 0x0000000709800000|100%| O|  |TAMS 0x0000000709800000, 0x0000000709600000| Untracked 
|  76|0x0000000709800000, 0x0000000709a00000, 0x0000000709a00000|100%| O|  |TAMS 0x0000000709a00000, 0x0000000709800000| Untracked 
|  77|0x0000000709a00000, 0x0000000709c00000, 0x0000000709c00000|100%| O|  |TAMS 0x0000000709c00000, 0x0000000709a00000| Untracked 
|  78|0x0000000709c00000, 0x0000000709e00000, 0x0000000709e00000|100%| O|  |TAMS 0x0000000709e00000, 0x0000000709c00000| Untracked 
|  79|0x0000000709e00000, 0x000000070a000000, 0x000000070a000000|100%| O|  |TAMS 0x000000070a000000, 0x0000000709e00000| Untracked 
|  80|0x000000070a000000, 0x000000070a200000, 0x000000070a200000|100%| O|  |TAMS 0x000000070a200000, 0x000000070a000000| Untracked 
|  81|0x000000070a200000, 0x000000070a400000, 0x000000070a400000|100%| O|  |TAMS 0x000000070a400000, 0x000000070a200000| Untracked 
|  82|0x000000070a400000, 0x000000070a600000, 0x000000070a600000|100%| O|  |TAMS 0x000000070a4b2c00, 0x000000070a400000| Untracked 
|  83|0x000000070a600000, 0x000000070a800000, 0x000000070a800000|100%| O|  |TAMS 0x000000070a600000, 0x000000070a600000| Untracked 
|  84|0x000000070a800000, 0x000000070aa00000, 0x000000070aa00000|100%| O|  |TAMS 0x000000070a800000, 0x000000070a800000| Untracked 
|  85|0x000000070aa00000, 0x000000070ac00000, 0x000000070ac00000|100%| O|  |TAMS 0x000000070aa00000, 0x000000070aa00000| Untracked 
|  86|0x000000070ac00000, 0x000000070ae00000, 0x000000070ae00000|100%| O|  |TAMS 0x000000070ac00000, 0x000000070ac00000| Untracked 
|  87|0x000000070ae00000, 0x000000070b000000, 0x000000070b000000|100%| O|  |TAMS 0x000000070ae00000, 0x000000070ae00000| Untracked 
|  88|0x000000070b000000, 0x000000070b200000, 0x000000070b200000|100%| O|  |TAMS 0x000000070b000000, 0x000000070b000000| Untracked 
|  89|0x000000070b200000, 0x000000070b400000, 0x000000070b400000|100%| O|  |TAMS 0x000000070b200000, 0x000000070b200000| Untracked 
|  90|0x000000070b400000, 0x000000070b600000, 0x000000070b600000|100%| O|  |TAMS 0x000000070b400000, 0x000000070b400000| Untracked 
|  91|0x000000070b600000, 0x000000070b800000, 0x000000070b800000|100%| O|  |TAMS 0x000000070b600000, 0x000000070b600000| Untracked 
|  92|0x000000070b800000, 0x000000070ba00000, 0x000000070ba00000|100%| O|  |TAMS 0x000000070b800000, 0x000000070b800000| Untracked 
|  93|0x000000070ba00000, 0x000000070bc00000, 0x000000070bc00000|100%| O|  |TAMS 0x000000070ba00000, 0x000000070ba00000| Untracked 
|  94|0x000000070bc00000, 0x000000070be00000, 0x000000070be00000|100%| O|  |TAMS 0x000000070bc00000, 0x000000070bc00000| Untracked 
|  95|0x000000070be00000, 0x000000070c000000, 0x000000070c000000|100%| O|  |TAMS 0x000000070be00000, 0x000000070be00000| Untracked 
|  96|0x000000070c000000, 0x000000070c200000, 0x000000070c200000|100%| O|  |TAMS 0x000000070c000000, 0x000000070c000000| Untracked 
|  97|0x000000070c200000, 0x000000070c400000, 0x000000070c400000|100%| O|  |TAMS 0x000000070c200000, 0x000000070c200000| Untracked 
|  98|0x000000070c400000, 0x000000070c600000, 0x000000070c600000|100%| O|  |TAMS 0x000000070c400000, 0x000000070c400000| Untracked 
|  99|0x000000070c600000, 0x000000070c800000, 0x000000070c800000|100%| O|  |TAMS 0x000000070c600000, 0x000000070c600000| Untracked 
| 100|0x000000070c800000, 0x000000070ca00000, 0x000000070ca00000|100%| O|  |TAMS 0x000000070c800000, 0x000000070c800000| Untracked 
| 101|0x000000070ca00000, 0x000000070cc00000, 0x000000070cc00000|100%| O|  |TAMS 0x000000070ca00000, 0x000000070ca00000| Untracked 
| 102|0x000000070cc00000, 0x000000070ce00000, 0x000000070ce00000|100%| O|  |TAMS 0x000000070cc00000, 0x000000070cc00000| Untracked 
| 103|0x000000070ce00000, 0x000000070d000000, 0x000000070d000000|100%| O|  |TAMS 0x000000070ce00000, 0x000000070ce00000| Untracked 
| 104|0x000000070d000000, 0x000000070d200000, 0x000000070d200000|100%| O|  |TAMS 0x000000070d000000, 0x000000070d000000| Untracked 
| 105|0x000000070d200000, 0x000000070d400000, 0x000000070d400000|100%| O|  |TAMS 0x000000070d200000, 0x000000070d200000| Untracked 
| 106|0x000000070d400000, 0x000000070d600000, 0x000000070d600000|100%| O|  |TAMS 0x000000070d400000, 0x000000070d400000| Untracked 
| 107|0x000000070d600000, 0x000000070d800000, 0x000000070d800000|100%| O|  |TAMS 0x000000070d600000, 0x000000070d600000| Untracked 
| 108|0x000000070d800000, 0x000000070da00000, 0x000000070da00000|100%|HS|  |TAMS 0x000000070d800000, 0x000000070d800000| Complete 
| 109|0x000000070da00000, 0x000000070dc00000, 0x000000070dc00000|100%| O|  |TAMS 0x000000070da00000, 0x000000070da00000| Untracked 
| 110|0x000000070dc00000, 0x000000070de00000, 0x000000070de00000|100%| O|  |TAMS 0x000000070dc00000, 0x000000070dc00000| Untracked 
| 111|0x000000070de00000, 0x000000070e000000, 0x000000070e000000|100%| O|  |TAMS 0x000000070de00000, 0x000000070de00000| Untracked 
| 112|0x000000070e000000, 0x000000070e200000, 0x000000070e200000|100%| O|  |TAMS 0x000000070e000000, 0x000000070e000000| Untracked 
| 113|0x000000070e200000, 0x000000070e400000, 0x000000070e400000|100%| O|  |TAMS 0x000000070e200000, 0x000000070e200000| Untracked 
| 114|0x000000070e400000, 0x000000070e600000, 0x000000070e600000|100%| O|  |TAMS 0x000000070e400000, 0x000000070e400000| Untracked 
| 115|0x000000070e600000, 0x000000070e800000, 0x000000070e800000|100%| O|  |TAMS 0x000000070e600000, 0x000000070e600000| Untracked 
| 116|0x000000070e800000, 0x000000070ea00000, 0x000000070ea00000|100%| O|  |TAMS 0x000000070e800000, 0x000000070e800000| Untracked 
| 117|0x000000070ea00000, 0x000000070ec00000, 0x000000070ec00000|100%| O|  |TAMS 0x000000070ea00000, 0x000000070ea00000| Untracked 
| 118|0x000000070ec00000, 0x000000070ee00000, 0x000000070ee00000|100%| O|  |TAMS 0x000000070ec00000, 0x000000070ec00000| Untracked 
| 119|0x000000070ee00000, 0x000000070f000000, 0x000000070f000000|100%| O|  |TAMS 0x000000070ee00000, 0x000000070ee00000| Untracked 
| 120|0x000000070f000000, 0x000000070f200000, 0x000000070f200000|100%| O|  |TAMS 0x000000070f000000, 0x000000070f000000| Untracked 
| 121|0x000000070f200000, 0x000000070f400000, 0x000000070f400000|100%| O|  |TAMS 0x000000070f200000, 0x000000070f200000| Untracked 
| 122|0x000000070f400000, 0x000000070f600000, 0x000000070f600000|100%| O|  |TAMS 0x000000070f400000, 0x000000070f400000| Untracked 
| 123|0x000000070f600000, 0x000000070f800000, 0x000000070f800000|100%| O|  |TAMS 0x000000070f600000, 0x000000070f600000| Untracked 
| 124|0x000000070f800000, 0x000000070fa00000, 0x000000070fa00000|100%| O|  |TAMS 0x000000070f800000, 0x000000070f800000| Untracked 
| 125|0x000000070fa00000, 0x000000070fc00000, 0x000000070fc00000|100%| O|  |TAMS 0x000000070fa00000, 0x000000070fa00000| Untracked 
| 126|0x000000070fc00000, 0x000000070fe00000, 0x000000070fe00000|100%| O|  |TAMS 0x000000070fc00000, 0x000000070fc00000| Untracked 
| 127|0x000000070fe00000, 0x0000000710000000, 0x0000000710000000|100%| O|  |TAMS 0x000000070fe00000, 0x000000070fe00000| Untracked 
| 128|0x0000000710000000, 0x0000000710200000, 0x0000000710200000|100%| O|  |TAMS 0x0000000710000000, 0x0000000710000000| Untracked 
| 129|0x0000000710200000, 0x0000000710400000, 0x0000000710400000|100%| O|  |TAMS 0x0000000710200000, 0x0000000710200000| Untracked 
| 130|0x0000000710400000, 0x0000000710600000, 0x0000000710600000|100%| O|  |TAMS 0x0000000710400000, 0x0000000710400000| Untracked 
| 131|0x0000000710600000, 0x0000000710800000, 0x0000000710800000|100%| O|  |TAMS 0x0000000710600000, 0x0000000710600000| Untracked 
| 132|0x0000000710800000, 0x0000000710a00000, 0x0000000710a00000|100%| O|  |TAMS 0x0000000710800000, 0x0000000710800000| Untracked 
| 133|0x0000000710a00000, 0x0000000710c00000, 0x0000000710c00000|100%| O|  |TAMS 0x0000000710a00000, 0x0000000710a00000| Untracked 
| 134|0x0000000710c00000, 0x0000000710e00000, 0x0000000710e00000|100%| O|  |TAMS 0x0000000710c00000, 0x0000000710c00000| Untracked 
| 135|0x0000000710e00000, 0x0000000711000000, 0x0000000711000000|100%| O|  |TAMS 0x0000000710e00000, 0x0000000710e00000| Untracked 
| 136|0x0000000711000000, 0x0000000711200000, 0x0000000711200000|100%| O|  |TAMS 0x0000000711000000, 0x0000000711000000| Untracked 
| 137|0x0000000711200000, 0x0000000711400000, 0x0000000711400000|100%| O|  |TAMS 0x0000000711200000, 0x0000000711200000| Untracked 
| 138|0x0000000711400000, 0x0000000711600000, 0x0000000711600000|100%| O|  |TAMS 0x0000000711400000, 0x0000000711400000| Untracked 
| 139|0x0000000711600000, 0x0000000711800000, 0x0000000711800000|100%| O|  |TAMS 0x0000000711600000, 0x0000000711600000| Untracked 
| 140|0x0000000711800000, 0x0000000711a00000, 0x0000000711a00000|100%| O|  |TAMS 0x0000000711800000, 0x0000000711800000| Untracked 
| 141|0x0000000711a00000, 0x0000000711c00000, 0x0000000711c00000|100%| O|  |TAMS 0x0000000711a00000, 0x0000000711a00000| Untracked 
| 142|0x0000000711c00000, 0x0000000711e00000, 0x0000000711e00000|100%| O|  |TAMS 0x0000000711c00000, 0x0000000711c00000| Untracked 
| 143|0x0000000711e00000, 0x0000000712000000, 0x0000000712000000|100%| O|  |TAMS 0x0000000711e00000, 0x0000000711e00000| Untracked 
| 144|0x0000000712000000, 0x0000000712200000, 0x0000000712200000|100%| O|  |TAMS 0x0000000712000000, 0x0000000712000000| Untracked 
| 145|0x0000000712200000, 0x0000000712400000, 0x0000000712400000|100%| O|  |TAMS 0x0000000712200000, 0x0000000712200000| Untracked 
| 146|0x0000000712400000, 0x0000000712600000, 0x0000000712600000|100%| O|  |TAMS 0x0000000712400000, 0x0000000712400000| Untracked 
| 147|0x0000000712600000, 0x0000000712800000, 0x0000000712800000|100%| O|  |TAMS 0x0000000712600000, 0x0000000712600000| Untracked 
| 148|0x0000000712800000, 0x0000000712a00000, 0x0000000712a00000|100%| O|  |TAMS 0x0000000712800000, 0x0000000712800000| Untracked 
| 149|0x0000000712a00000, 0x0000000712c00000, 0x0000000712c00000|100%| O|  |TAMS 0x0000000712a00000, 0x0000000712a00000| Untracked 
| 150|0x0000000712c00000, 0x0000000712e00000, 0x0000000712e00000|100%| O|  |TAMS 0x0000000712c00000, 0x0000000712c00000| Untracked 
| 151|0x0000000712e00000, 0x0000000713000000, 0x0000000713000000|100%| O|  |TAMS 0x0000000712e00000, 0x0000000712e00000| Untracked 
| 152|0x0000000713000000, 0x0000000713200000, 0x0000000713200000|100%| O|  |TAMS 0x0000000713000000, 0x0000000713000000| Untracked 
| 153|0x0000000713200000, 0x0000000713400000, 0x0000000713400000|100%| O|  |TAMS 0x0000000713200000, 0x0000000713200000| Untracked 
| 154|0x0000000713400000, 0x0000000713600000, 0x0000000713600000|100%| O|  |TAMS 0x0000000713400000, 0x0000000713400000| Untracked 
| 155|0x0000000713600000, 0x0000000713800000, 0x0000000713800000|100%| O|  |TAMS 0x0000000713600000, 0x0000000713600000| Untracked 
| 156|0x0000000713800000, 0x0000000713a00000, 0x0000000713a00000|100%| O|  |TAMS 0x0000000713800000, 0x0000000713800000| Untracked 
| 157|0x0000000713a00000, 0x0000000713c00000, 0x0000000713c00000|100%| O|  |TAMS 0x0000000713a00000, 0x0000000713a00000| Untracked 
| 158|0x0000000713c00000, 0x0000000713e00000, 0x0000000713e00000|100%| O|  |TAMS 0x0000000713c00000, 0x0000000713c00000| Untracked 
| 159|0x0000000713e00000, 0x0000000714000000, 0x0000000714000000|100%| O|  |TAMS 0x0000000713e00000, 0x0000000713e00000| Untracked 
| 160|0x0000000714000000, 0x0000000714200000, 0x0000000714200000|100%| O|  |TAMS 0x0000000714000000, 0x0000000714000000| Untracked 
| 161|0x0000000714200000, 0x0000000714400000, 0x0000000714400000|100%| O|  |TAMS 0x0000000714200000, 0x0000000714200000| Untracked 
| 162|0x0000000714400000, 0x0000000714600000, 0x0000000714600000|100%| O|  |TAMS 0x0000000714400000, 0x0000000714400000| Untracked 
| 163|0x0000000714600000, 0x0000000714800000, 0x0000000714800000|100%| O|  |TAMS 0x0000000714600000, 0x0000000714600000| Untracked 
| 164|0x0000000714800000, 0x0000000714a00000, 0x0000000714a00000|100%| O|  |TAMS 0x0000000714800000, 0x0000000714800000| Untracked 
| 165|0x0000000714a00000, 0x0000000714c00000, 0x0000000714c00000|100%| O|  |TAMS 0x0000000714a00000, 0x0000000714a00000| Untracked 
| 166|0x0000000714c00000, 0x0000000714e00000, 0x0000000714e00000|100%| O|  |TAMS 0x0000000714c00000, 0x0000000714c00000| Untracked 
| 167|0x0000000714e00000, 0x0000000715000000, 0x0000000715000000|100%| O|  |TAMS 0x0000000714e00000, 0x0000000714e00000| Untracked 
| 168|0x0000000715000000, 0x0000000715200000, 0x0000000715200000|100%| O|  |TAMS 0x0000000715000000, 0x0000000715000000| Untracked 
| 169|0x0000000715200000, 0x0000000715400000, 0x0000000715400000|100%|HS|  |TAMS 0x0000000715200000, 0x0000000715200000| Complete 
| 170|0x0000000715400000, 0x0000000715600000, 0x0000000715600000|100%|HS|  |TAMS 0x0000000715400000, 0x0000000715400000| Complete 
| 171|0x0000000715600000, 0x0000000715800000, 0x0000000715800000|100%|HS|  |TAMS 0x0000000715600000, 0x0000000715600000| Complete 
| 172|0x0000000715800000, 0x0000000715a00000, 0x0000000715a00000|100%|HS|  |TAMS 0x0000000715800000, 0x0000000715800000| Complete 
| 173|0x0000000715a00000, 0x0000000715c00000, 0x0000000715c00000|100%|HS|  |TAMS 0x0000000715a00000, 0x0000000715a00000| Complete 
| 174|0x0000000715c00000, 0x0000000715e00000, 0x0000000715e00000|100%|HS|  |TAMS 0x0000000715c00000, 0x0000000715c00000| Complete 
| 175|0x0000000715e00000, 0x0000000716000000, 0x0000000716000000|100%|HS|  |TAMS 0x0000000715e00000, 0x0000000715e00000| Complete 
| 176|0x0000000716000000, 0x0000000716200000, 0x0000000716200000|100%| O|  |TAMS 0x0000000716000000, 0x0000000716000000| Untracked 
| 177|0x0000000716200000, 0x0000000716400000, 0x0000000716400000|100%| O|  |TAMS 0x0000000716200000, 0x0000000716200000| Untracked 
| 178|0x0000000716400000, 0x0000000716600000, 0x0000000716600000|100%|HS|  |TAMS 0x0000000716400000, 0x0000000716400000| Complete 
| 179|0x0000000716600000, 0x0000000716800000, 0x0000000716800000|100%| O|  |TAMS 0x0000000716600000, 0x0000000716600000| Untracked 
| 180|0x0000000716800000, 0x0000000716a00000, 0x0000000716a00000|100%| O|  |TAMS 0x0000000716800000, 0x0000000716800000| Untracked 
| 181|0x0000000716a00000, 0x0000000716c00000, 0x0000000716c00000|100%| O|  |TAMS 0x0000000716a00000, 0x0000000716a00000| Untracked 
| 182|0x0000000716c00000, 0x0000000716e00000, 0x0000000716e00000|100%| O|  |TAMS 0x0000000716c00000, 0x0000000716c00000| Untracked 
| 183|0x0000000716e00000, 0x0000000717000000, 0x0000000717000000|100%| O|  |TAMS 0x0000000716e00000, 0x0000000716e00000| Untracked 
| 184|0x0000000717000000, 0x0000000717200000, 0x0000000717200000|100%| O|  |TAMS 0x0000000717000000, 0x0000000717000000| Untracked 
| 185|0x0000000717200000, 0x0000000717400000, 0x0000000717400000|100%| O|  |TAMS 0x0000000717200000, 0x0000000717200000| Untracked 
| 186|0x0000000717400000, 0x0000000717600000, 0x0000000717600000|100%| O|  |TAMS 0x0000000717400000, 0x0000000717400000| Untracked 
| 187|0x0000000717600000, 0x0000000717800000, 0x0000000717800000|100%| O|  |TAMS 0x0000000717600000, 0x0000000717600000| Untracked 
| 188|0x0000000717800000, 0x0000000717a00000, 0x0000000717a00000|100%| O|  |TAMS 0x0000000717800000, 0x0000000717800000| Untracked 
| 189|0x0000000717a00000, 0x0000000717c00000, 0x0000000717c00000|100%| O|  |TAMS 0x0000000717a00000, 0x0000000717a00000| Untracked 
| 190|0x0000000717c00000, 0x0000000717e00000, 0x0000000717e00000|100%| O|  |TAMS 0x0000000717c00000, 0x0000000717c00000| Untracked 
| 191|0x0000000717e00000, 0x0000000718000000, 0x0000000718000000|100%| O|  |TAMS 0x0000000717e00000, 0x0000000717e00000| Untracked 
| 192|0x0000000718000000, 0x0000000718200000, 0x0000000718200000|100%| O|  |TAMS 0x0000000718000000, 0x0000000718000000| Untracked 
| 193|0x0000000718200000, 0x0000000718400000, 0x0000000718400000|100%| O|  |TAMS 0x0000000718200000, 0x0000000718200000| Untracked 
| 194|0x0000000718400000, 0x0000000718600000, 0x0000000718600000|100%| O|  |TAMS 0x0000000718400000, 0x0000000718400000| Untracked 
| 195|0x0000000718600000, 0x0000000718800000, 0x0000000718800000|100%| O|  |TAMS 0x0000000718600000, 0x0000000718600000| Untracked 
| 196|0x0000000718800000, 0x0000000718a00000, 0x0000000718a00000|100%| O|  |TAMS 0x0000000718800000, 0x0000000718800000| Untracked 
| 197|0x0000000718a00000, 0x0000000718c00000, 0x0000000718c00000|100%| O|  |TAMS 0x0000000718a00000, 0x0000000718a00000| Untracked 
| 198|0x0000000718c00000, 0x0000000718e00000, 0x0000000718e00000|100%| O|  |TAMS 0x0000000718c00000, 0x0000000718c00000| Untracked 
| 199|0x0000000718e00000, 0x0000000719000000, 0x0000000719000000|100%| O|  |TAMS 0x0000000718e00000, 0x0000000718e00000| Untracked 
| 200|0x0000000719000000, 0x0000000719200000, 0x0000000719200000|100%| O|  |TAMS 0x0000000719000000, 0x0000000719000000| Untracked 
| 201|0x0000000719200000, 0x0000000719400000, 0x0000000719400000|100%| O|  |TAMS 0x0000000719200000, 0x0000000719200000| Untracked 
| 202|0x0000000719400000, 0x0000000719600000, 0x0000000719600000|100%| O|  |TAMS 0x0000000719400000, 0x0000000719400000| Untracked 
| 203|0x0000000719600000, 0x0000000719800000, 0x0000000719800000|100%| O|  |TAMS 0x0000000719600000, 0x0000000719600000| Untracked 
| 204|0x0000000719800000, 0x0000000719a00000, 0x0000000719a00000|100%| O|  |TAMS 0x0000000719800000, 0x0000000719800000| Untracked 
| 205|0x0000000719a00000, 0x0000000719c00000, 0x0000000719c00000|100%| O|  |TAMS 0x0000000719a00000, 0x0000000719a00000| Untracked 
| 206|0x0000000719c00000, 0x0000000719e00000, 0x0000000719e00000|100%| O|  |TAMS 0x0000000719c00000, 0x0000000719c00000| Untracked 
| 207|0x0000000719e00000, 0x000000071a000000, 0x000000071a000000|100%| O|  |TAMS 0x0000000719e00000, 0x0000000719e00000| Untracked 
| 208|0x000000071a000000, 0x000000071a200000, 0x000000071a200000|100%| O|  |TAMS 0x000000071a000000, 0x000000071a000000| Untracked 
| 209|0x000000071a200000, 0x000000071a400000, 0x000000071a400000|100%| O|  |TAMS 0x000000071a200000, 0x000000071a200000| Untracked 
| 210|0x000000071a400000, 0x000000071a600000, 0x000000071a600000|100%| O|  |TAMS 0x000000071a400000, 0x000000071a400000| Untracked 
| 211|0x000000071a600000, 0x000000071a800000, 0x000000071a800000|100%| O|  |TAMS 0x000000071a600000, 0x000000071a600000| Untracked 
| 212|0x000000071a800000, 0x000000071aa00000, 0x000000071aa00000|100%| O|  |TAMS 0x000000071a800000, 0x000000071a800000| Untracked 
| 213|0x000000071aa00000, 0x000000071ab20c00, 0x000000071ac00000| 56%| O|  |TAMS 0x000000071aa00000, 0x000000071aa00000| Untracked 
| 214|0x000000071ac00000, 0x000000071ac00000, 0x000000071ae00000|  0%| F|  |TAMS 0x000000071ac00000, 0x000000071ac00000| Untracked 
| 215|0x000000071ae00000, 0x000000071ae00000, 0x000000071b000000|  0%| F|  |TAMS 0x000000071ae00000, 0x000000071ae00000| Untracked 
| 216|0x000000071b000000, 0x000000071b000000, 0x000000071b200000|  0%| F|  |TAMS 0x000000071b000000, 0x000000071b000000| Untracked 
| 217|0x000000071b200000, 0x000000071b200000, 0x000000071b400000|  0%| F|  |TAMS 0x000000071b200000, 0x000000071b200000| Untracked 
| 218|0x000000071b400000, 0x000000071b400000, 0x000000071b600000|  0%| F|  |TAMS 0x000000071b400000, 0x000000071b400000| Untracked 
| 219|0x000000071b600000, 0x000000071b600000, 0x000000071b800000|  0%| F|  |TAMS 0x000000071b600000, 0x000000071b600000| Untracked 
| 220|0x000000071b800000, 0x000000071b800000, 0x000000071ba00000|  0%| F|  |TAMS 0x000000071b800000, 0x000000071b800000| Untracked 
| 221|0x000000071ba00000, 0x000000071ba00000, 0x000000071bc00000|  0%| F|  |TAMS 0x000000071ba00000, 0x000000071ba00000| Untracked 
| 222|0x000000071bc00000, 0x000000071bc00000, 0x000000071be00000|  0%| F|  |TAMS 0x000000071bc00000, 0x000000071bc00000| Untracked 
| 223|0x000000071be00000, 0x000000071be00000, 0x000000071c000000|  0%| F|  |TAMS 0x000000071be00000, 0x000000071be00000| Untracked 
| 224|0x000000071c000000, 0x000000071c000000, 0x000000071c200000|  0%| F|  |TAMS 0x000000071c000000, 0x000000071c000000| Untracked 
| 225|0x000000071c200000, 0x000000071c200000, 0x000000071c400000|  0%| F|  |TAMS 0x000000071c200000, 0x000000071c200000| Untracked 
| 226|0x000000071c400000, 0x000000071c400000, 0x000000071c600000|  0%| F|  |TAMS 0x000000071c400000, 0x000000071c400000| Untracked 
| 227|0x000000071c600000, 0x000000071c600000, 0x000000071c800000|  0%| F|  |TAMS 0x000000071c600000, 0x000000071c600000| Untracked 
| 228|0x000000071c800000, 0x000000071c800000, 0x000000071ca00000|  0%| F|  |TAMS 0x000000071c800000, 0x000000071c800000| Untracked 
| 229|0x000000071ca00000, 0x000000071ca00000, 0x000000071cc00000|  0%| F|  |TAMS 0x000000071ca00000, 0x000000071ca00000| Untracked 
| 230|0x000000071cc00000, 0x000000071cc00000, 0x000000071ce00000|  0%| F|  |TAMS 0x000000071cc00000, 0x000000071cc00000| Untracked 
| 231|0x000000071ce00000, 0x000000071ce00000, 0x000000071d000000|  0%| F|  |TAMS 0x000000071ce00000, 0x000000071ce00000| Untracked 
| 232|0x000000071d000000, 0x000000071d000000, 0x000000071d200000|  0%| F|  |TAMS 0x000000071d000000, 0x000000071d000000| Untracked 
| 233|0x000000071d200000, 0x000000071d200000, 0x000000071d400000|  0%| F|  |TAMS 0x000000071d200000, 0x000000071d200000| Untracked 
| 234|0x000000071d400000, 0x000000071d400000, 0x000000071d600000|  0%| F|  |TAMS 0x000000071d400000, 0x000000071d400000| Untracked 
| 235|0x000000071d600000, 0x000000071d600000, 0x000000071d800000|  0%| F|  |TAMS 0x000000071d600000, 0x000000071d600000| Untracked 
| 236|0x000000071d800000, 0x000000071d800000, 0x000000071da00000|  0%| F|  |TAMS 0x000000071d800000, 0x000000071d800000| Untracked 
| 237|0x000000071da00000, 0x000000071da00000, 0x000000071dc00000|  0%| F|  |TAMS 0x000000071da00000, 0x000000071da00000| Untracked 
| 238|0x000000071dc00000, 0x000000071dc00000, 0x000000071de00000|  0%| F|  |TAMS 0x000000071dc00000, 0x000000071dc00000| Untracked 
| 239|0x000000071de00000, 0x000000071de00000, 0x000000071e000000|  0%| F|  |TAMS 0x000000071de00000, 0x000000071de00000| Untracked 
| 240|0x000000071e000000, 0x000000071e200000, 0x000000071e200000|100%| S|CS|TAMS 0x000000071e000000, 0x000000071e000000| Complete 
| 241|0x000000071e200000, 0x000000071e400000, 0x000000071e400000|100%| S|CS|TAMS 0x000000071e200000, 0x000000071e200000| Complete 
| 242|0x000000071e400000, 0x000000071e400000, 0x000000071e600000|  0%| F|  |TAMS 0x000000071e400000, 0x000000071e400000| Untracked 
| 243|0x000000071e600000, 0x000000071e600000, 0x000000071e800000|  0%| F|  |TAMS 0x000000071e600000, 0x000000071e600000| Untracked 
| 244|0x000000071e800000, 0x000000071e800000, 0x000000071ea00000|  0%| F|  |TAMS 0x000000071e800000, 0x000000071e800000| Untracked 
| 245|0x000000071ea00000, 0x000000071ea00000, 0x000000071ec00000|  0%| F|  |TAMS 0x000000071ea00000, 0x000000071ea00000| Untracked 
| 246|0x000000071ec00000, 0x000000071ec00000, 0x000000071ee00000|  0%| F|  |TAMS 0x000000071ec00000, 0x000000071ec00000| Untracked 
| 247|0x000000071ee00000, 0x000000071ee00000, 0x000000071f000000|  0%| F|  |TAMS 0x000000071ee00000, 0x000000071ee00000| Untracked 
| 248|0x000000071f000000, 0x000000071f000000, 0x000000071f200000|  0%| F|  |TAMS 0x000000071f000000, 0x000000071f000000| Untracked 
| 249|0x000000071f200000, 0x000000071f200000, 0x000000071f400000|  0%| F|  |TAMS 0x000000071f200000, 0x000000071f200000| Untracked 
| 250|0x000000071f400000, 0x000000071f400000, 0x000000071f600000|  0%| F|  |TAMS 0x000000071f400000, 0x000000071f400000| Untracked 
| 251|0x000000071f600000, 0x000000071f600000, 0x000000071f800000|  0%| F|  |TAMS 0x000000071f600000, 0x000000071f600000| Untracked 
| 252|0x000000071f800000, 0x000000071f800000, 0x000000071fa00000|  0%| F|  |TAMS 0x000000071f800000, 0x000000071f800000| Untracked 
| 253|0x000000071fa00000, 0x000000071fa00000, 0x000000071fc00000|  0%| F|  |TAMS 0x000000071fa00000, 0x000000071fa00000| Untracked 

Card table byte_map: [0x000002677bfc0000,0x000002677c7c0000] _byte_map_base: 0x00000267787c0000

Marking Bits (Prev, Next): (CMBitMap*) 0x000002677b436e00, (CMBitMap*) 0x000002677b436dc0
 Prev Bits: [0x000002671a7f0000, 0x000002671e7f0000)
 Next Bits: [0x00000267167f0000, 0x000002671a7f0000)

Polling page: 0x0000026779340000

Metaspace:

Usage:
  Non-class:    116.71 MB used.
      Class:     18.83 MB used.
       Both:    135.53 MB used.

Virtual space:
  Non-class space:      128.00 MB reserved,     118.06 MB ( 92%) committed,  2 nodes.
      Class space:      832.00 MB reserved,      20.00 MB (  2%) committed,  1 nodes.
             Both:      960.00 MB reserved,     138.06 MB ( 14%) committed. 

Chunk freelists:
   Non-Class:  9.94 MB
       Class:  11.97 MB
        Both:  21.91 MB

MaxMetaspaceSize: 1.00 GB
CompressedClassSpaceSize: 832.00 MB
Initial GC threshold: 21.00 MB
Current GC threshold: 172.50 MB
CDS: on
MetaspaceReclaimPolicy: balanced
 - commit_granule_bytes: 65536.
 - commit_granule_words: 8192.
 - virtual_space_node_default_size: 8388608.
 - enlarge_chunks_in_place: 1.
 - new_chunks_are_fully_committed: 0.
 - uncommit_free_chunks: 1.
 - use_allocation_guard: 0.
 - handle_deallocations: 1.


Internal statistics:

num_allocs_failed_limit: 12.
num_arena_births: 3526.
num_arena_deaths: 0.
num_vsnodes_births: 3.
num_vsnodes_deaths: 0.
num_space_committed: 2208.
num_space_uncommitted: 0.
num_chunks_returned_to_freelist: 12.
num_chunks_taken_from_freelist: 10622.
num_chunk_merges: 12.
num_chunk_splits: 6307.
num_chunks_enlarged: 3276.
num_inconsistent_stats: 0.

CodeHeap 'non-profiled nmethods': size=120000Kb used=12688Kb max_used=13014Kb free=107312Kb
 bounds [0x000002670f2c0000, 0x000002670ff80000, 0x00000267167f0000]
CodeHeap 'profiled nmethods': size=120000Kb used=38430Kb max_used=38430Kb free=81569Kb
 bounds [0x00000267077f0000, 0x0000026709d80000, 0x000002670ed20000]
CodeHeap 'non-nmethods': size=5760Kb used=2480Kb max_used=2607Kb free=3279Kb
 bounds [0x000002670ed20000, 0x000002670efc0000, 0x000002670f2c0000]
 total_blobs=20451 nmethods=19425 adapters=936
 compilation: enabled
              stopped_count=0, restarted_count=0
 full_count=0

Compilation events (20 events):
Event: 106.525 Thread 0x000002677fa468b0 nmethod 23650 0x0000026709d71810 code [0x0000026709d719e0, 0x0000026709d71d98]
Event: 106.525 Thread 0x000002677fa468b0 23676       3       jdk.internal.jrtfs.JrtPath::getFileName (78 bytes)
Event: 106.527 Thread 0x000002677fa468b0 nmethod 23676 0x0000026709d71f10 code [0x0000026709d72200, 0x0000026709d732a8]
Event: 106.527 Thread 0x000002677fa468b0 23654       3       com.sun.tools.javac.comp.Env::<init> (45 bytes)
Event: 106.527 Thread 0x000002677fa468b0 nmethod 23654 0x0000026709d73810 code [0x0000026709d739c0, 0x0000026709d73cf8]
Event: 106.527 Thread 0x000002677fa468b0 23670       3       com.sun.tools.javac.jvm.ClassReader$$Lambda$3459/0x00000267213fb380::<init> (10 bytes)
Event: 106.528 Thread 0x000002677fa468b0 nmethod 23670 0x0000026709d73d90 code [0x0000026709d73f20, 0x0000026709d740d8]
Event: 106.528 Thread 0x000002677fa468b0 23671       3       com.sun.tools.javac.jvm.ClassReader$$Lambda$3459/0x00000267213fb380::apply (9 bytes)
Event: 106.528 Thread 0x000002677fa468b0 nmethod 23671 0x0000026709d74190 code [0x0000026709d74340, 0x0000026709d74608]
Event: 106.528 Thread 0x000002677fa468b0 23675       3       jdk.internal.jrtfs.JrtPath::getFileSystem (5 bytes)
Event: 106.528 Thread 0x000002677fa468b0 nmethod 23675 0x0000026709d74790 code [0x0000026709d74920, 0x0000026709d74a38]
Event: 106.528 Thread 0x000002677fa468b0 23666       3       jdk.internal.jrtfs.JrtPath::getFileName (78 bytes)
Event: 106.530 Thread 0x000002677fa468b0 nmethod 23666 0x0000026709d74b10 code [0x0000026709d74e00, 0x0000026709d75ea8]
Event: 106.530 Thread 0x000002677fa468b0 23677       3       jdk.internal.jrtfs.JrtPath::<init> (31 bytes)
Event: 106.530 Thread 0x000002677fa468b0 nmethod 23677 0x0000026709d76410 code [0x0000026709d765c0, 0x0000026709d768e8]
Event: 106.530 Thread 0x000002677fa468b0 23601       2       com.sun.tools.javac.code.Scope$ImportScope::finalizeSingleScope (101 bytes)
Event: 106.531 Thread 0x000002677fa468b0 nmethod 23601 0x0000026709d76a10 code [0x0000026709d76c40, 0x0000026709d77208]
Event: 106.531 Thread 0x000002677fa468b0 23658       2       jdk.internal.jrtfs.JrtPath::isAbsolute (29 bytes)
Event: 106.532 Thread 0x000002677fa468b0 nmethod 23658 0x0000026709d77590 code [0x0000026709d77740, 0x0000026709d779f8]
Event: 106.532 Thread 0x000002677fa468b0 23680       2       com.sun.tools.javac.jvm.ClassReader::readClass (670 bytes)

GC Heap History (20 events):
Event: 97.214 GC heap after
{Heap after GC invocations=81 (full 0):
 garbage-first heap   total 432128K, used 339129K [0x0000000700000000, 0x0000000800000000)
  region size 2048K, 3 young (6144K), 3 survivors (6144K)
 Metaspace       used 127433K, committed 129920K, reserved 983040K
  class space    used 17849K, committed 18944K, reserved 851968K
}
Event: 97.923 GC heap before
{Heap before GC invocations=81 (full 0):
 garbage-first heap   total 432128K, used 375993K [0x0000000700000000, 0x0000000800000000)
  region size 2048K, 21 young (43008K), 3 survivors (6144K)
 Metaspace       used 127572K, committed 130048K, reserved 983040K
  class space    used 17859K, committed 18944K, reserved 851968K
}
Event: 97.936 GC heap after
{Heap after GC invocations=82 (full 0):
 garbage-first heap   total 432128K, used 342501K [0x0000000700000000, 0x0000000800000000)
  region size 2048K, 3 young (6144K), 3 survivors (6144K)
 Metaspace       used 127572K, committed 130048K, reserved 983040K
  class space    used 17859K, committed 18944K, reserved 851968K
}
Event: 98.635 GC heap before
{Heap before GC invocations=82 (full 0):
 garbage-first heap   total 432128K, used 373221K [0x0000000700000000, 0x0000000800000000)
  region size 2048K, 19 young (38912K), 3 survivors (6144K)
 Metaspace       used 128092K, committed 130560K, reserved 983040K
  class space    used 17930K, committed 19008K, reserved 851968K
}
Event: 98.651 GC heap after
{Heap after GC invocations=83 (full 0):
 garbage-first heap   total 432128K, used 347297K [0x0000000700000000, 0x0000000800000000)
  region size 2048K, 3 young (6144K), 3 survivors (6144K)
 Metaspace       used 128092K, committed 130560K, reserved 983040K
  class space    used 17930K, committed 19008K, reserved 851968K
}
Event: 99.005 GC heap before
{Heap before GC invocations=83 (full 0):
 garbage-first heap   total 432128K, used 371873K [0x0000000700000000, 0x0000000800000000)
  region size 2048K, 16 young (32768K), 3 survivors (6144K)
 Metaspace       used 128208K, committed 130752K, reserved 983040K
  class space    used 17941K, committed 19072K, reserved 851968K
}
Event: 99.015 GC heap after
{Heap after GC invocations=84 (full 0):
 garbage-first heap   total 520192K, used 347662K [0x0000000700000000, 0x0000000800000000)
  region size 2048K, 2 young (4096K), 2 survivors (4096K)
 Metaspace       used 128208K, committed 130752K, reserved 983040K
  class space    used 17941K, committed 19072K, reserved 851968K
}
Event: 102.968 GC heap before
{Heap before GC invocations=84 (full 0):
 garbage-first heap   total 520192K, used 464398K [0x0000000700000000, 0x0000000800000000)
  region size 2048K, 48 young (98304K), 2 survivors (4096K)
 Metaspace       used 135712K, committed 138304K, reserved 983040K
  class space    used 18983K, committed 20160K, reserved 851968K
}
Event: 102.989 GC heap after
{Heap after GC invocations=85 (full 0):
 garbage-first heap   total 520192K, used 360794K [0x0000000700000000, 0x0000000800000000)
  region size 2048K, 6 young (12288K), 6 survivors (12288K)
 Metaspace       used 135712K, committed 138304K, reserved 983040K
  class space    used 18983K, committed 20160K, reserved 851968K
}
Event: 104.720 GC heap before
{Heap before GC invocations=85 (full 0):
 garbage-first heap   total 520192K, used 455002K [0x0000000700000000, 0x0000000800000000)
  region size 2048K, 45 young (92160K), 6 survivors (12288K)
 Metaspace       used 137698K, committed 140352K, reserved 983040K
  class space    used 19184K, committed 20352K, reserved 851968K
}
Event: 104.749 GC heap after
{Heap after GC invocations=86 (full 0):
 garbage-first heap   total 520192K, used 400487K [0x0000000700000000, 0x0000000800000000)
  region size 2048K, 6 young (12288K), 6 survivors (12288K)
 Metaspace       used 137698K, committed 140352K, reserved 983040K
  class space    used 19184K, committed 20352K, reserved 851968K
}
Event: 105.698 GC heap before
{Heap before GC invocations=86 (full 0):
 garbage-first heap   total 520192K, used 441447K [0x0000000700000000, 0x0000000800000000)
  region size 2048K, 26 young (53248K), 6 survivors (12288K)
 Metaspace       used 138086K, committed 140672K, reserved 983040K
  class space    used 19228K, committed 20416K, reserved 851968K
}
Event: 105.714 GC heap after
{Heap after GC invocations=87 (full 0):
 garbage-first heap   total 520192K, used 414055K [0x0000000700000000, 0x0000000800000000)
  region size 2048K, 4 young (8192K), 4 survivors (8192K)
 Metaspace       used 138086K, committed 140672K, reserved 983040K
  class space    used 19228K, committed 20416K, reserved 851968K
}
Event: 106.045 GC heap before
{Heap before GC invocations=87 (full 0):
 garbage-first heap   total 520192K, used 444775K [0x0000000700000000, 0x0000000800000000)
  region size 2048K, 19 young (38912K), 4 survivors (8192K)
 Metaspace       used 138377K, committed 140928K, reserved 983040K
  class space    used 19245K, committed 20416K, reserved 851968K
}
Event: 106.063 GC heap after
{Heap after GC invocations=88 (full 0):
 garbage-first heap   total 520192K, used 423475K [0x0000000700000000, 0x0000000800000000)
  region size 2048K, 3 young (6144K), 3 survivors (6144K)
 Metaspace       used 138377K, committed 140928K, reserved 983040K
  class space    used 19245K, committed 20416K, reserved 851968K
}
Event: 106.283 GC heap before
{Heap before GC invocations=88 (full 0):
 garbage-first heap   total 520192K, used 448051K [0x0000000700000000, 0x0000000800000000)
  region size 2048K, 15 young (30720K), 3 survivors (6144K)
 Metaspace       used 138531K, committed 141184K, reserved 983040K
  class space    used 19256K, committed 20480K, reserved 851968K
}
Event: 106.301 GC heap after
{Heap after GC invocations=89 (full 0):
 garbage-first heap   total 520192K, used 430637K [0x0000000700000000, 0x0000000800000000)
  region size 2048K, 2 young (4096K), 2 survivors (4096K)
 Metaspace       used 138531K, committed 141184K, reserved 983040K
  class space    used 19256K, committed 20480K, reserved 851968K
}
Event: 106.422 GC heap before
{Heap before GC invocations=89 (full 0):
 garbage-first heap   total 520192K, used 451117K [0x0000000700000000, 0x0000000800000000)
  region size 2048K, 12 young (24576K), 2 survivors (4096K)
 Metaspace       used 138694K, committed 141312K, reserved 983040K
  class space    used 19263K, committed 20480K, reserved 851968K
}
Event: 106.439 GC heap after
{Heap after GC invocations=90 (full 0):
 garbage-first heap   total 520192K, used 436433K [0x0000000700000000, 0x0000000800000000)
  region size 2048K, 2 young (4096K), 2 survivors (4096K)
 Metaspace       used 138694K, committed 141312K, reserved 983040K
  class space    used 19263K, committed 20480K, reserved 851968K
}
Event: 106.592 GC heap before
{Heap before GC invocations=90 (full 0):
 garbage-first heap   total 520192K, used 456913K [0x0000000700000000, 0x0000000800000000)
  region size 2048K, 12 young (24576K), 2 survivors (4096K)
 Metaspace       used 138784K, committed 141376K, reserved 983040K
  class space    used 19277K, committed 20480K, reserved 851968K
}

Deoptimization events (20 events):
Event: 105.934 Thread 0x000002675b6b8f30 DEOPT PACKING pc=0x0000026709b5fa28 sp=0x0000007cdc9f8680
Event: 105.934 Thread 0x000002675b6b8f30 DEOPT UNPACKING pc=0x000002670ed72b43 sp=0x0000007cdc9f7b28 mode 0
Event: 105.934 Thread 0x000002675b6bd100 DEOPT PACKING pc=0x0000026709bfbda8 sp=0x0000007cdc6f7c70
Event: 105.934 Thread 0x000002675b6bd100 DEOPT UNPACKING pc=0x000002670ed72b43 sp=0x0000007cdc6f7180 mode 0
Event: 105.934 Thread 0x000002675b6b8f30 DEOPT PACKING pc=0x0000026709b60219 sp=0x0000007cdc9f86f0
Event: 105.935 Thread 0x000002675b6b8f30 DEOPT UNPACKING pc=0x000002670ed72b43 sp=0x0000007cdc9f7bb0 mode 0
Event: 105.988 Thread 0x000002675b6bb7b0 DEOPT PACKING pc=0x0000026709be05a8 sp=0x0000007cdc8f7c40
Event: 105.988 Thread 0x000002675b6bb7b0 DEOPT UNPACKING pc=0x000002670ed72b43 sp=0x0000007cdc8f70e8 mode 0
Event: 106.230 Thread 0x000002675b6bb7b0 DEOPT PACKING pc=0x0000026709b0a999 sp=0x0000007cdc8f86c0
Event: 106.230 Thread 0x000002675b6bb7b0 DEOPT UNPACKING pc=0x000002670ed72b43 sp=0x0000007cdc8f7b38 mode 0
Event: 106.350 Thread 0x000002675b6bf470 DEOPT PACKING pc=0x0000026709c83519 sp=0x0000007cdc5f86e0
Event: 106.350 Thread 0x000002675b6bf470 DEOPT UNPACKING pc=0x000002670ed72b43 sp=0x0000007cdc5f7ba0 mode 0
Event: 106.350 Thread 0x000002675b6bf470 DEOPT PACKING pc=0x0000026709c82d28 sp=0x0000007cdc5f8670
Event: 106.350 Thread 0x000002675b6bf470 DEOPT UNPACKING pc=0x000002670ed72b43 sp=0x0000007cdc5f7b18 mode 0
Event: 106.393 Thread 0x000002675b6bb7b0 DEOPT PACKING pc=0x0000026709bf749e sp=0x0000007cdc8f89e0
Event: 106.393 Thread 0x000002675b6bb7b0 DEOPT UNPACKING pc=0x000002670ed72b43 sp=0x0000007cdc8f7ec8 mode 0
Event: 106.510 Thread 0x000002675b6be540 DEOPT PACKING pc=0x0000026709cb2f28 sp=0x0000007cdc7f8cf0
Event: 106.510 Thread 0x000002675b6be540 DEOPT UNPACKING pc=0x000002670ed72b43 sp=0x0000007cdc7f8208 mode 0
Event: 106.519 Thread 0x000002675b6bef60 DEOPT PACKING pc=0x0000026709d42958 sp=0x0000007cdc4f86e0
Event: 106.519 Thread 0x000002675b6bef60 DEOPT UNPACKING pc=0x000002670ed72b43 sp=0x0000007cdc4f7bc0 mode 0

Classes unloaded (0 events):
No events

Classes redefined (0 events):
No events

Internal exceptions (20 events):
Event: 103.156 Thread 0x000002675b6b8f30 Exception <a 'sun/nio/fs/WindowsException'{0x000000071f29a620}> (0x000000071f29a620) 
thrown [s\open\src\hotspot\share\prims\jni.cpp, line 516]
Event: 103.155 Thread 0x000002675b6be540 Exception <a 'sun/nio/fs/WindowsException'{0x000000071f2f4580}> (0x000000071f2f4580) 
thrown [s\open\src\hotspot\share\prims\jni.cpp, line 516]
Event: 103.158 Thread 0x000002675b6be540 Exception <a 'sun/nio/fs/WindowsException'{0x000000071f2f4868}> (0x000000071f2f4868) 
thrown [s\open\src\hotspot\share\prims\jni.cpp, line 516]
Event: 103.201 Thread 0x000002675b6bb7b0 Exception <a 'sun/nio/fs/WindowsException'{0x000000071f071288}> (0x000000071f071288) 
thrown [s\open\src\hotspot\share\prims\jni.cpp, line 516]
Event: 103.202 Thread 0x000002675b6bb7b0 Exception <a 'sun/nio/fs/WindowsException'{0x000000071f071530}> (0x000000071f071530) 
thrown [s\open\src\hotspot\share\prims\jni.cpp, line 516]
Event: 103.209 Thread 0x000002675b6bef60 Exception <a 'sun/nio/fs/WindowsException'{0x000000071f0e2630}> (0x000000071f0e2630) 
thrown [s\open\src\hotspot\share\prims\jni.cpp, line 516]
Event: 103.209 Thread 0x000002675b6bef60 Exception <a 'sun/nio/fs/WindowsException'{0x000000071f0e28e8}> (0x000000071f0e28e8) 
thrown [s\open\src\hotspot\share\prims\jni.cpp, line 516]
Event: 103.273 Thread 0x000002675b6bf470 Exception <a 'sun/nio/fs/WindowsException'{0x000000071ec80440}> (0x000000071ec80440) 
thrown [s\open\src\hotspot\share\prims\jni.cpp, line 516]
Event: 103.273 Thread 0x000002675b6bf470 Exception <a 'sun/nio/fs/WindowsException'{0x000000071ec806e8}> (0x000000071ec806e8) 
thrown [s\open\src\hotspot\share\prims\jni.cpp, line 516]
Event: 103.568 Thread 0x000002675b6be540 Exception <a 'java/lang/NoSuchMethodError'{0x000000071e91c348}: 'java.lang.Object java.lang.invoke.Invokers$Holder.invoke_MT(java.lang.Object, java.lang.Object, java.lang.Object)'> (0x000000071e91c348) 
thrown [s\open\src\hotspot\share\interpreter\linkResolver.cpp, line 759]
Event: 103.593 Thread 0x000002675b6bd100 Exception <a 'sun/nio/fs/WindowsException'{0x000000071e7f9ac8}> (0x000000071e7f9ac8) 
thrown [s\open\src\hotspot\share\prims\jni.cpp, line 516]
Event: 103.593 Thread 0x000002675b6bd100 Exception <a 'sun/nio/fs/WindowsException'{0x000000071e7f9d70}> (0x000000071e7f9d70) 
thrown [s\open\src\hotspot\share\prims\jni.cpp, line 516]
Event: 103.693 Thread 0x000002675b6be030 Exception <a 'sun/nio/fs/WindowsException'{0x000000071e5bee80}> (0x000000071e5bee80) 
thrown [s\open\src\hotspot\share\prims\jni.cpp, line 516]
Event: 103.693 Thread 0x000002675b6be030 Exception <a 'sun/nio/fs/WindowsException'{0x000000071e5bf128}> (0x000000071e5bf128) 
thrown [s\open\src\hotspot\share\prims\jni.cpp, line 516]
Event: 104.245 Thread 0x000002675b6b8f30 Exception <a 'java/lang/NoSuchMethodError'{0x000000071e085758}: 'java.lang.Object java.lang.invoke.DirectMethodHandle$Holder.invokeVirtual(java.lang.Object, java.lang.Object, java.lang.Object, int, int)'> (0x000000071e085758) 
thrown [s\open\src\hotspot\share\interpreter\linkResolver.cpp, line 759]
Event: 104.246 Thread 0x000002675b6bb7b0 Exception <a 'java/lang/NoSuchMethodError'{0x000000071e00d950}: 'java.lang.Object java.lang.invoke.DirectMethodHandle$Holder.invokeVirtual(java.lang.Object, java.lang.Object, java.lang.Object, int, int)'> (0x000000071e00d950) 
thrown [s\open\src\hotspot\share\interpreter\linkResolver.cpp, line 759]
Event: 104.246 Thread 0x000002675b6be540 Exception <a 'java/lang/NoSuchMethodError'{0x000000071e0c4040}: 'java.lang.Object java.lang.invoke.DirectMethodHandle$Holder.invokeVirtual(java.lang.Object, java.lang.Object, java.lang.Object, int, int)'> (0x000000071e0c4040) 
thrown [s\open\src\hotspot\share\interpreter\linkResolver.cpp, line 759]
Event: 104.246 Thread 0x000002675b6bef60 Exception <a 'java/lang/NoSuchMethodError'{0x000000071e0a08a8}: 'java.lang.Object java.lang.invoke.DirectMethodHandle$Holder.invokeVirtual(java.lang.Object, java.lang.Object, java.lang.Object, int, int)'> (0x000000071e0a08a8) 
thrown [s\open\src\hotspot\share\interpreter\linkResolver.cpp, line 759]
Event: 104.246 Thread 0x000002675b6bf470 Exception <a 'java/lang/NoSuchMethodError'{0x000000071e05cc80}: 'java.lang.Object java.lang.invoke.DirectMethodHandle$Holder.invokeVirtual(java.lang.Object, java.lang.Object, java.lang.Object, int, int)'> (0x000000071e05cc80) 
thrown [s\open\src\hotspot\share\interpreter\linkResolver.cpp, line 759]
Event: 105.605 Thread 0x000002675b6b8f30 Exception <a 'java/lang/NoSuchMethodError'{0x000000071d8e7d40}: 'java.lang.Object java.lang.invoke.DirectMethodHandle$Holder.invokeStatic(java.lang.Object, java.lang.Object, int, int)'> (0x000000071d8e7d40) 
thrown [s\open\src\hotspot\share\interpreter\linkResolver.cpp, line 759]

VM Operations (20 events):
Event: 101.457 Executing VM operation: Cleanup done
Event: 102.935 Executing VM operation: G1CollectForAllocation
Event: 102.995 Executing VM operation: G1CollectForAllocation done
Event: 104.004 Executing VM operation: Cleanup
Event: 104.025 Executing VM operation: Cleanup done
Event: 104.719 Executing VM operation: G1CollectForAllocation
Event: 104.753 Executing VM operation: G1CollectForAllocation done
Event: 104.770 Executing VM operation: HandshakeAllThreads
Event: 104.771 Executing VM operation: HandshakeAllThreads done
Event: 105.698 Executing VM operation: G1CollectForAllocation
Event: 105.714 Executing VM operation: G1CollectForAllocation done
Event: 106.045 Executing VM operation: G1CollectForAllocation
Event: 106.064 Executing VM operation: G1CollectForAllocation done
Event: 106.230 Executing VM operation: G1CollectForAllocation
Event: 106.307 Executing VM operation: G1CollectForAllocation done
Event: 106.413 Executing VM operation: G1CollectForAllocation
Event: 106.444 Executing VM operation: G1CollectForAllocation done
Event: 106.454 Executing VM operation: HandshakeAllThreads
Event: 106.498 Executing VM operation: HandshakeAllThreads done
Event: 106.537 Executing VM operation: G1CollectForAllocation

Events (20 events):
Event: 104.837 Thread 0x000002677fa4cf60 flushing nmethod 0x00000267099dce90
Event: 104.837 Thread 0x000002677fa4cf60 flushing nmethod 0x00000267099dda90
Event: 104.837 Thread 0x000002677fa4cf60 flushing nmethod 0x00000267099de210
Event: 104.837 Thread 0x000002677fa4cf60 flushing nmethod 0x00000267099de890
Event: 104.837 Thread 0x000002677fa4cf60 flushing nmethod 0x00000267099df590
Event: 104.837 Thread 0x000002677fa4cf60 flushing nmethod 0x00000267099e3b90
Event: 104.837 Thread 0x000002677fa4cf60 flushing nmethod 0x00000267099e4f90
Event: 104.837 Thread 0x000002677fa4cf60 flushing nmethod 0x00000267099e5f90
Event: 104.837 Thread 0x000002677fa4cf60 flushing nmethod 0x0000026709a09490
Event: 104.837 Thread 0x000002677fa4cf60 flushing nmethod 0x0000026709a09b90
Event: 104.837 Thread 0x000002677fa4cf60 flushing nmethod 0x0000026709a0a290
Event: 104.837 Thread 0x000002677fa4cf60 flushing nmethod 0x0000026709a0a990
Event: 105.559 loading class java/nio/file/Files$2
Event: 105.560 loading class java/nio/file/Files$2 done
Event: 105.560 loading class java/util/ImmutableCollections$Access
Event: 105.561 loading class java/util/ImmutableCollections$Access done
Event: 105.561 loading class java/util/ImmutableCollections$Access$1
Event: 105.561 loading class jdk/internal/access/JavaUtilCollectionAccess
Event: 105.562 loading class jdk/internal/access/JavaUtilCollectionAccess done
Event: 105.562 loading class java/util/ImmutableCollections$Access$1 done


Dynamic libraries:
0x00007ff687330000 - 0x00007ff687340000 	C:\Program Files\Java\jdk-17\bin\java.exe
0x00007ffe3f950000 - 0x00007ffe3fb68000 	C:\WINDOWS\SYSTEM32\ntdll.dll
0x00007ffe3e7f0000 - 0x00007ffe3e8b4000 	C:\WINDOWS\System32\KERNEL32.DLL
0x00007ffe3cfa0000 - 0x00007ffe3d373000 	C:\WINDOWS\System32\KERNELBASE.dll
0x00007ffe3cc60000 - 0x00007ffe3cd71000 	C:\WINDOWS\System32\ucrtbase.dll
0x00007ffe21b50000 - 0x00007ffe21b6b000 	C:\Program Files\Java\jdk-17\bin\VCRUNTIME140.dll
0x00007ffe21b30000 - 0x00007ffe21b49000 	C:\Program Files\Java\jdk-17\bin\jli.dll
0x00007ffe3f020000 - 0x00007ffe3f0d1000 	C:\WINDOWS\System32\ADVAPI32.dll
0x00007ffe3f560000 - 0x00007ffe3f607000 	C:\WINDOWS\System32\msvcrt.dll
0x00007ffe3f610000 - 0x00007ffe3f6b8000 	C:\WINDOWS\System32\sechost.dll
0x00007ffe3ce00000 - 0x00007ffe3ce28000 	C:\WINDOWS\System32\bcrypt.dll
0x00007ffe3f6c0000 - 0x00007ffe3f7d8000 	C:\WINDOWS\System32\RPCRT4.dll
0x00007ffe3e9f0000 - 0x00007ffe3eba2000 	C:\WINDOWS\System32\USER32.dll
0x00007ffe3d380000 - 0x00007ffe3d3a6000 	C:\WINDOWS\System32\win32u.dll
0x00007ffe3d640000 - 0x00007ffe3d669000 	C:\WINDOWS\System32\GDI32.dll
0x00007ffe3d3b0000 - 0x00007ffe3d4cb000 	C:\WINDOWS\System32\gdi32full.dll
0x00007ffe3d550000 - 0x00007ffe3d5ea000 	C:\WINDOWS\System32\msvcp_win.dll
0x00007ffe243c0000 - 0x00007ffe2465c000 	C:\WINDOWS\WinSxS\amd64_microsoft.windows.common-controls_6595b64144ccf1df_6.0.22621.6060_none_2712eda17382d24b\COMCTL32.dll
0x00007ffe34b70000 - 0x00007ffe34b7a000 	C:\WINDOWS\SYSTEM32\VERSION.dll
0x00007ffe3f7e0000 - 0x00007ffe3f811000 	C:\WINDOWS\System32\IMM32.DLL
0x00007ffe37300000 - 0x00007ffe3730c000 	C:\Program Files\Java\jdk-17\bin\vcruntime140_1.dll
0x00007ffda2ce0000 - 0x00007ffda2d6e000 	C:\Program Files\Java\jdk-17\bin\msvcp140.dll
0x00007ffd11800000 - 0x00007ffd123e0000 	C:\Program Files\Java\jdk-17\bin\server\jvm.dll
0x00007ffe3e7e0000 - 0x00007ffe3e7e8000 	C:\WINDOWS\System32\PSAPI.DLL
0x00007ffe21940000 - 0x00007ffe21949000 	C:\WINDOWS\SYSTEM32\WSOCK32.dll
0x00007ffe3f880000 - 0x00007ffe3f8f1000 	C:\WINDOWS\System32\WS2_32.dll
0x00007ffe37340000 - 0x00007ffe37374000 	C:\WINDOWS\SYSTEM32\WINMM.dll
0x00007ffe3ba00000 - 0x00007ffe3ba18000 	C:\WINDOWS\SYSTEM32\kernel.appcore.dll
0x00007ffe36050000 - 0x00007ffe3605a000 	C:\Program Files\Java\jdk-17\bin\jimage.dll
0x00007ffe3a410000 - 0x00007ffe3a643000 	C:\WINDOWS\SYSTEM32\DBGHELP.DLL
0x00007ffe3e0d0000 - 0x00007ffe3e461000 	C:\WINDOWS\System32\combase.dll
0x00007ffe3e530000 - 0x00007ffe3e608000 	C:\WINDOWS\System32\OLEAUT32.dll
0x00007ffe23e70000 - 0x00007ffe23ea2000 	C:\WINDOWS\SYSTEM32\dbgcore.DLL
0x00007ffe3cd80000 - 0x00007ffe3cdfb000 	C:\WINDOWS\System32\bcryptPrimitives.dll
0x00007ffe23bb0000 - 0x00007ffe23bbe000 	C:\Program Files\Java\jdk-17\bin\instrument.dll
0x00007ffe1f8b0000 - 0x00007ffe1f8d5000 	C:\Program Files\Java\jdk-17\bin\java.dll
0x00007ffd8a140000 - 0x00007ffd8a217000 	C:\Program Files\Java\jdk-17\bin\jsvml.dll
0x00007ffe3d830000 - 0x00007ffe3e0cc000 	C:\WINDOWS\System32\SHELL32.dll
0x00007ffe3ca60000 - 0x00007ffe3cb9f000 	C:\WINDOWS\System32\wintypes.dll
0x00007ffe3a910000 - 0x00007ffe3b22a000 	C:\WINDOWS\SYSTEM32\windows.storage.dll
0x00007ffe3e620000 - 0x00007ffe3e724000 	C:\WINDOWS\System32\SHCORE.dll
0x00007ffe3ebb0000 - 0x00007ffe3ec19000 	C:\WINDOWS\System32\shlwapi.dll
0x00007ffe3c990000 - 0x00007ffe3c9b5000 	C:\WINDOWS\SYSTEM32\profapi.dll
0x00007ffe1fee0000 - 0x00007ffe1fef8000 	C:\Program Files\Java\jdk-17\bin\zip.dll
0x00007ffe217a0000 - 0x00007ffe217b9000 	C:\Program Files\Java\jdk-17\bin\net.dll
0x00007ffe34e80000 - 0x00007ffe34fac000 	C:\WINDOWS\SYSTEM32\WINHTTP.dll
0x00007ffe3bec0000 - 0x00007ffe3bf29000 	C:\WINDOWS\system32\mswsock.dll
0x00007ffe21710000 - 0x00007ffe21726000 	C:\Program Files\Java\jdk-17\bin\nio.dll
0x00007ffe36000000 - 0x00007ffe36010000 	C:\Program Files\Java\jdk-17\bin\verify.dll
0x00007ffe031a0000 - 0x00007ffe031c7000 	D:\logiciels\gradle\.gradle\native\c067742578af261105cb4f569cf0c3c89f3d7b1fecec35dd04571415982c5e48\windows-amd64-min\native-platform.dll
0x00007ffd836b0000 - 0x00007ffd837f4000 	D:\logiciels\gradle\.gradle\native\100fb08df4bc3b14c8652ba06237920a3bd2aa13389f12d3474272988ae205f9\windows-amd64-min\native-platform-file-events.dll
0x00007ffe27610000 - 0x00007ffe2761a000 	C:\Program Files\Java\jdk-17\bin\management.dll
0x00007ffe27480000 - 0x00007ffe2748b000 	C:\Program Files\Java\jdk-17\bin\management_ext.dll
0x00007ffe3c210000 - 0x00007ffe3c22b000 	C:\WINDOWS\SYSTEM32\CRYPTSP.dll
0x00007ffe3b960000 - 0x00007ffe3b997000 	C:\WINDOWS\system32\rsaenh.dll
0x00007ffe3bf60000 - 0x00007ffe3bf88000 	C:\WINDOWS\SYSTEM32\USERENV.dll
0x00007ffe3c1f0000 - 0x00007ffe3c1fc000 	C:\WINDOWS\SYSTEM32\CRYPTBASE.dll
0x00007ffe3b490000 - 0x00007ffe3b4bd000 	C:\WINDOWS\SYSTEM32\IPHLPAPI.DLL
0x00007ffe3e610000 - 0x00007ffe3e619000 	C:\WINDOWS\System32\NSI.dll
0x00007ffe352d0000 - 0x00007ffe352e9000 	C:\WINDOWS\SYSTEM32\dhcpcsvc6.DLL
0x00007ffe34c10000 - 0x00007ffe34c2f000 	C:\WINDOWS\SYSTEM32\dhcpcsvc.DLL
0x00007ffe3b500000 - 0x00007ffe3b5f8000 	C:\WINDOWS\SYSTEM32\DNSAPI.dll
0x00007ffe239f0000 - 0x00007ffe239fe000 	C:\Program Files\Java\jdk-17\bin\sunmscapi.dll
0x00007ffe3ce30000 - 0x00007ffe3cf98000 	C:\WINDOWS\System32\CRYPT32.dll
0x00007ffe3c400000 - 0x00007ffe3c42e000 	C:\WINDOWS\SYSTEM32\ncrypt.dll
0x00007ffe3c3c0000 - 0x00007ffe3c3f7000 	C:\WINDOWS\SYSTEM32\NTASN1.dll
0x00007ffdf5650000 - 0x00007ffdf5658000 	C:\WINDOWS\system32\wshunix.dll
0x00007ffdf74b0000 - 0x00007ffdf74c7000 	C:\WINDOWS\system32\napinsp.dll
0x00007ffdf7490000 - 0x00007ffdf74ab000 	C:\WINDOWS\system32\pnrpnsp.dll
0x00007ffdf7470000 - 0x00007ffdf7481000 	C:\WINDOWS\System32\winrnr.dll
0x00007ffe34910000 - 0x00007ffe34925000 	C:\WINDOWS\system32\wshbth.dll
0x00007ffdf72d0000 - 0x00007ffdf72f1000 	C:\WINDOWS\system32\nlansp_c.dll
0x0000000074080000 - 0x00000000740a6000 	C:\Program Files\Bonjour\mdnsNSP.dll
0x00007ffe37a30000 - 0x00007ffe37a3a000 	C:\Windows\System32\rasadhlp.dll
0x00007ffe34100000 - 0x00007ffe34184000 	C:\WINDOWS\System32\fwpuclnt.dll
0x00007ffe3bb10000 - 0x00007ffe3bb44000 	C:\WINDOWS\SYSTEM32\ntmarta.dll

dbghelp: loaded successfully - version: 4.0.5 - missing functions: none
symbol engine: initialized successfully - sym options: 0x614 - pdb path: .;C:\Program Files\Java\jdk-17\bin;C:\WINDOWS\SYSTEM32;C:\WINDOWS\WinSxS\amd64_microsoft.windows.common-controls_6595b64144ccf1df_6.0.22621.6060_none_2712eda17382d24b;C:\Program Files\Java\jdk-17\bin\server;D:\logiciels\gradle\.gradle\native\c067742578af261105cb4f569cf0c3c89f3d7b1fecec35dd04571415982c5e48\windows-amd64-min;D:\logiciels\gradle\.gradle\native\100fb08df4bc3b14c8652ba06237920a3bd2aa13389f12d3474272988ae205f9\windows-amd64-min;C:\Program Files\Bonjour

VM Arguments:
jvm_args: -XX:MaxMetaspaceSize=1024m -XX:+HeapDumpOnOutOfMemoryError --add-opens=java.base/java.util=ALL-UNNAMED --add-opens=java.base/java.lang=ALL-UNNAMED --add-opens=java.base/java.lang.invoke=ALL-UNNAMED --add-opens=java.prefs/java.util.prefs=ALL-UNNAMED --add-exports=jdk.compiler/com.sun.tools.javac.api=ALL-UNNAMED --add-exports=jdk.compiler/com.sun.tools.javac.util=ALL-UNNAMED --add-opens=java.base/java.nio.charset=ALL-UNNAMED --add-opens=java.base/java.net=ALL-UNNAMED --add-opens=java.base/java.util.concurrent.atomic=ALL-UNNAMED -Xmx4096m -Dfile.encoding=UTF-8 -Duser.country=FR -Duser.language=fr -Duser.variant -javaagent:D:\logiciels\gradle\.gradle\wrapper\dists\gradle-8.10.2-all\7iv73wktx1xtkvlq19urqw1wm\gradle-8.10.2\lib\agents\gradle-instrumentation-agent-8.10.2.jar 
java_command: org.gradle.launcher.daemon.bootstrap.GradleDaemon 8.10.2
java_class_path (initial): D:\logiciels\gradle\.gradle\wrapper\dists\gradle-8.10.2-all\7iv73wktx1xtkvlq19urqw1wm\gradle-8.10.2\lib\gradle-daemon-main-8.10.2.jar
Launcher Type: SUN_STANDARD

[Global flags]
     intx CICompilerCount                          = 4                                         {product} {ergonomic}
   size_t CompressedClassSpaceSize                 = 872415232                                 {product} {ergonomic}
     uint ConcGCThreads                            = 2                                         {product} {ergonomic}
     uint G1ConcRefinementThreads                  = 8                                         {product} {ergonomic}
   size_t G1HeapRegionSize                         = 2097152                                   {product} {ergonomic}
    uintx GCDrainStackTargetSize                   = 64                                        {product} {ergonomic}
     bool HeapDumpOnOutOfMemoryError               = true                                   {manageable} {command line}
   size_t InitialHeapSize                          = 266338304                                 {product} {ergonomic}
   size_t MarkStackSize                            = 4194304                                   {product} {ergonomic}
   size_t MaxHeapSize                              = 4294967296                                {product} {command line}
   size_t MaxMetaspaceSize                         = 1073741824                                {product} {command line}
   size_t MaxNewSize                               = 2575302656                                {product} {ergonomic}
   size_t MinHeapDeltaBytes                        = 2097152                                   {product} {ergonomic}
   size_t MinHeapSize                              = 8388608                                   {product} {ergonomic}
    uintx NonNMethodCodeHeapSize                   = 5839372                                {pd product} {ergonomic}
    uintx NonProfiledCodeHeapSize                  = 122909434                              {pd product} {ergonomic}
    uintx ProfiledCodeHeapSize                     = 122909434                              {pd product} {ergonomic}
    uintx ReservedCodeCacheSize                    = 251658240                              {pd product} {ergonomic}
     bool SegmentedCodeCache                       = true                                      {product} {ergonomic}
   size_t SoftMaxHeapSize                          = 4294967296                             {manageable} {ergonomic}
     bool UseCompressedClassPointers               = true                           {product lp64_product} {ergonomic}
     bool UseCompressedOops                        = true                           {product lp64_product} {ergonomic}
     bool UseG1GC                                  = true                                      {product} {ergonomic}
     bool UseLargePagesIndividualAllocation        = false                                  {pd product} {ergonomic}

Logging:
Log output configuration:
 #0: stdout all=warning uptime,level,tags
 #1: stderr all=off uptime,level,tags

Environment Variables:
JAVA_HOME=C:\Program Files\Java\jdk-17
CLASSPATH=D:\Projet\parking_mobile\android\\gradle\wrapper\gradle-wrapper.jar
PATH=C:\Program Files\Common Files\Oracle\Java\javapath;C:\WINDOWS\system32;C:\WINDOWS;C:\WINDOWS\System32\Wbem;C:\WINDOWS\System32\WindowsPowerShell\v1.0\;C:\WINDOWS\System32\OpenSSH\;C:\Program Files (x86)\NVIDIA Corporation\PhysX\Common;C:\Program Files\PostgreSQL\15\bin;C:\Program Files\Microsoft SQL Server\150\Tools\Binn\;C:\Program Files\Microsoft SQL Server\Client SDK\ODBC\170\Tools\Binn\;C:\Program Files\dotnet\;C:\Users\Toky RABEHAJA\.dotnet\tools;C:\wamp64\bin\php\php8.3.6;C:\ProgramData\ComposerSetup\bin;C:\Program Files\Git\cmd;C:\Program Files (x86)\Microsoft SQL Server\140\Tools\Binn\;C:\Program Files\Microsoft SQL Server\140\Tools\Binn\;C:\Program Files (x86)\Microsoft SQL Server\140\DTS\Binn\;C:\Program Files\Microsoft SQL Server\140\DTS\Binn\;C:\Program Files\Microsoft SQL Server\Client SDK\ODBC\130\Tools\Binn\;C:\Program Files (x86)\Microsoft SQL Server\150\DTS\Binn\;C:\Program Files\Azure Data Studio\bin;D:\logiciels\nvm;C:\nvm4w\nodejs;D:\logiciels\nvm;C:\Program Files\NVIDIA Corporation\NVIDIA App\NvDLISR;C:\Program Files\apache-maven-3.9.11\bin;C:\Program Files (x86)\Microsoft SQL Server\150\Tools\Binn\;C:\Program Files\Microsoft SQL Server\150\DTS\Binn\;C:\Program Files\Docker\Docker\resources\bin;C:\Users\Toky RABEHAJA\AppData\Local\Programs\Python\Python312\;C:\Users\Toky RABEHAJA\AppData\Local\Microsoft\WindowsApps;C:\Users\Toky RABEHAJA\AppData\Roaming\npm;C:\Users\Toky RABEHAJA\AppData\Local\JetBrains\Toolbox\scripts;C:\Users\Toky RABEHAJA\.dotnet\tools;C:\Users\Toky RABEHAJA\AppData\Local\GitHubDesktop\bin;C:\Users\Toky RABEHAJA\AppData\Local\Programs\Microsoft VS Code\bin;C:\Users\Toky RABEHAJA\AppData\Local\Programs\Python\Python312\Scripts\;C:\Users\Toky RABEHAJA\AppData\Roaming\Composer\vendor\bin;C:\flutter\bin;C:\Program Files\Azure Data Studio\bin;C:\Users\Toky RABEHAJA\AppData\Local\spicetify;D:\logiciels\nvm;C:\nvm4w\nodejs;C:\Users\Toky RABEHAJA\.lmstudio\bin;D:\logiciels\Installed Log\cursor\resources\app\bin;C:\Users\Toky RABEHA
USERNAME=Toky RABEHAJA
LANG=en_US.UTF-8
OS=Windows_NT
PROCESSOR_IDENTIFIER=Intel64 Family 6 Model 158 Stepping 10, GenuineIntel



---------------  S Y S T E M  ---------------

OS:
 Windows 11 , 64 bit Build 22621 (10.0.22621.5415)
OS uptime: 0 days 10:58 hours
Hyper-V role detected

CPU: total 8 (initial active 8) (4 cores per cpu, 2 threads per core) family 6 model 158 stepping 10 microcode 0xf0, cx8, cmov, fxsr, ht, mmx, 3dnowpref, sse, sse2, sse3, ssse3, sse4.1, sse4.2, popcnt, lzcnt, tsc, tscinvbit, avx, avx2, aes, erms, clmul, bmi1, bmi2, adx, fma, vzeroupper, clflush, clflushopt, hv

Memory: 4k page, system-wide physical 16255M (273M free)
TotalPageFile size 56952M (AvailPageFile size 66M)
current process WorkingSet (physical memory assigned to process): 932M, peak: 934M
current process commit charge ("private bytes"): 983M, peak: 1317M

vm_info: Java HotSpot(TM) 64-Bit Server VM (17.0.12+8-LTS-286) for windows-amd64 JRE (17.0.12+8-LTS-286), built on Jun  5 2024 06:46:59 by "mach5one" with MS VC++ 17.6 (VS2022)

END.
